FPS_ID,Compliance_Ratio,Total_Assessments,Supporting_Count,LOWINCPCT
13001950100,0.0,57,0,0.464987545
13001950201,0.0,9,0,0.433946488
13001950301,0.0,6,0,0.514274691
13001950302,0.0,10,0,0.658897101
13001950400,0.11428571428571428,35,4,0.390343223
13001950500,0.0,45,0,0.576583593
13003960100,0.0,24,0,0.560189573
13003960200,0.0,22,0,0.565705481
13003960300,0.5217391304347826,23,12,0.49842072
13005970100,0.08,25,2,0.253784861
13005970201,0.2727272727272727,11,3,0.500778297
13005970202,0.0,18,0,0.55751207
13007960100,0.4025974025974026,77,31,0.646709817
13007960200,0.6666666666666666,48,32,0.604492188
13009970101,1.0,41,41,0.120947631
13009970102,0.9411764705882353,17,16,0.270993643
13009970201,0.4,5,2,0.487559242
13009970301,1.0,1,1,0.13540146
13009970302,0.0,4,0,0.260339185
13009970501,1.0,4,4,0.882798413
13009970502,0.6521739130434783,23,15,0.464364035
13009970600,1.0,2,2,0.568442744
13009970701,1.0,3,3,0.822222222
13009970702,1.0,4,4,0.546843177
13009970801,1.0,11,11,0.195557174
13009970802,1.0,9,9,0.334315652
13011970100,0.5,10,5,0.312740531
13011970200,0.5277777777777778,36,19,0.282025005
13011970300,0.0,20,0,0.265589951
13011970400,0.7142857142857143,7,5,0.308724832
13013180103,0.4444444444444444,18,8,0.245926172
13013180104,1.0,1,1,0.334998079
13013180105,1.0,6,6,0.256359432
13013180106,1.0,1,1,0.353009709
13013180107,0.0,3,0,0.342623739
13013180108,1.0,3,3,0.22043184
13013180204,0.5,4,2,0.396994992
13013180205,1.0,1,1,0.473298232
13013180206,1.0,3,3,0.260328068
13013180302,0.1111111111111111,18,2,0.312134977
13013180303,0.5,12,6,0.25386839
13013180401,0.0,9,0,0.151864728
13013180402,0.0,9,0,0.249797111
13013180501,0.5,4,2,0.300025138
13013180502,0.0,10,0,0.298498733
13013180503,0.0,7,0,0.459710744
13015960101,0.9333333333333333,30,28,0.284266985
13015960103,0.875,8,7,0.196767001
13015960104,1.0,6,6,0.266995822
13015960105,0.625,8,5,0.316020672
13015960201,1.0,5,5,0.163294798
13015960203,0.3333333333333333,6,2,0.22941036
13015960301,0.21428571428571427,14,3,0.132112676
13015960302,0.0,33,0,0.268277946
13015960403,0.0,5,0,0.373215985
13015960404,0.0,1,0,0.303669725
13015960406,0.0,1,0,0.366186785
13015960407,0.0,6,0,0.269204152
13015960501,0.0,7,0,0.395886889
13015960502,0.0,2,0,0.307567917
13015960601,0.0,7,0,0.354496434
13015960602,0.0,3,0,0.366584226
13015960701,0.0,2,0,0.231238398
13015960702,0.6428571428571429,14,9,0.161854768
13015960801,1.0,4,4,0.516087516
13015960802,0.0,1,0,0.535240342
13015960804,0.8095238095238095,21,17,0.150364596
13015960805,0.5714285714285714,7,4,0.403361345
13015960901,0.2857142857142857,14,4,0.367518248
13015960902,0.0,3,0,0.206369926
13015961001,0.05405405405405406,37,2,0.214510457
13015961002,0.2222222222222222,18,4,0.270509302
13017960100,0.11320754716981132,53,6,0.529842126
13017960200,0.0,17,0,0.347179487
13017960400,0.0,3,0,0.711577869
13017960501,0.0,5,0,0.691318328
13017960502,0.0,9,0,0.469982416
13019970100,0.0,38,0,0.385011021
13019970200,0.631578947368421,19,12,0.493443939
13019970300,0.0,16,0,0.516563945
13019970400,0.1,20,2,0.514204545
13019970500,0.7272727272727273,11,8,0.380883627
13019970600,0.0,17,0,0.393412626
13021011001,0.0,5,0,0.551927861
13021011002,0.0,1,0,0.637178052
13021011100,0.0,5,0,0.847188264
13021011701,0.2857142857142857,7,2,0.660108548
13021011702,0.0,2,0,0.642622121
13021011900,0.0,3,0,0.22902179
13021012000,0.2,5,1,0.181231167
13021012101,1.0,1,1,0.393028846
13021012102,1.0,3,3,0.288781309
13021012200,1.0,2,2,0.549152542
13021012400,1.0,1,1,0.703138435
13021012600,0.0,3,0,0.567385095
13021013101,0.0,3,0,0.679649812
13021013201,1.0,2,2,0.671310546
13021013407,1.0,2,2,0.280914286
13021013408,1.0,1,1,0.160512934
13021013409,0.3333333333333333,6,2,0.257833483
13021013411,0.6,10,6,0.28031688
13021013412,1.0,6,6,0.125517598
13021013413,0.0,1,0,0.08127572
13021013502,0.0,19,0,0.552933673
13021013503,0.0,3,0,0.316764573
13021013506,0.25,4,1,0.221954426
13021013603,0.09090909090909091,11,1,0.445024811
13021013604,0.0,17,0,0.243022757
13021013605,0.42857142857142855,7,3,0.162031439
13021013607,0.0,5,0,0.133222037
13021013608,0.0,1,0,0.139637433
13021013701,0.0,2,0,0.395408163
13021013800,0.0,3,0,0.845830413
13021013900,0.71875,32,23,0.62514758
13023790100,0.6842105263157895,19,13,0.371881557
13023790200,0.3181818181818182,22,7,0.497624703
13023790302,1.0,1,1,0.277422303
13025960101,0.0,20,0,0.333152616
13025960102,0.0,27,0,0.583882095
13025960201,0.24489795918367346,49,12,0.542507645
13025960202,0.0,48,0,0.452375031
13025960300,0.09090909090909091,44,4,0.513399413
13027960200,0.0,12,0,0.579418345
13027960301,0.6486486486486487,37,24,0.295096322
13027960302,0.6,5,3,0.552136752
13027960400,0.25,8,2,0.592436975
13027960500,0.03571428571428571,28,1,0.731274839
13027960600,0.05660377358490566,53,3,0.425565701
13029920101,0.0,23,0,0.463938009
13029920103,0.8,20,16,0.354006969
13029920104,0.0,6,0,0.135727328
13029920301,0.0,3,0,0.355102041
13029920303,0.0,4,0,0.291367434
13029920305,0.0,17,0,0.151147099
13029920307,0.5,38,19,0.087472767
13029920308,0.0,6,0,0.081937742
13029980000,0.0,88,0,0.0
13031110100,0.0,19,0,0.376598639
13031110201,0.0,16,0,0.369506726
13031110202,0.0,7,0,0.302128634
13031110301,1.0,4,4,0.266281513
13031110302,0.26666666666666666,15,4,0.245804122
13031110401,0.0,2,0,0.688208859
13031110406,1.0,1,1,0.641884222
13031110407,0.0,1,0,0.727083333
13031110408,0.0,1,0,0.828269485
13031110500,0.0,2,0,0.434840722
13031110602,0.0,32,0,0.583315734
13031110604,0.0,9,0,0.416281221
13031110701,0.3333333333333333,9,3,0.416314532
13031110703,0.0,17,0,0.312126388
13031110800,0.15789473684210525,19,3,0.442504119
13031110901,0.0,13,0,0.355844739
13031110902,0.0,41,0,0.330753701
13033950101,0.6,15,9,0.406640625
13033950102,0.2222222222222222,45,10,0.163232453
13033950200,0.3939393939393939,33,13,0.546670914
13033950400,0.12903225806451613,31,4,0.513939918
13033950500,0.21739130434782608,23,5,0.453678001
13033950700,0.1282051282051282,39,5,0.263518138
13033950900,0.28888888888888886,45,13,0.501642935
13035150101,0.0,9,0,0.203708106
13035150102,0.6,60,36,0.162598425
13035150201,0.3888888888888889,18,7,0.583385515
13035150202,1.0,7,7,0.332191781
13035150300,0.03125,32,1,0.352071462
13037950100,0.3333333333333333,39,13,0.471103327
13037950200,0.42857142857142855,14,6,0.554749819
13039010100,0.2421875,128,31,0.348985725
13039010201,0.0,17,0,0.348574502
13039010202,0.7441860465116279,43,32,0.284305994
13039010302,0.0,26,0,0.495996715
13039010304,0.0,18,0,0.380102041
13039010305,0.0,10,0,0.360344047
13039010403,0.5,26,13,0.238328146
13039010406,1.0,6,6,0.279069767
13039010500,1.0,3,3,0.34097767
13039010602,1.0,25,25,0.205375603
13039010603,1.0,9,9,0.399095767
13043950100,0.0,6,0,0.526452906
13043950200,0.027777777777777776,36,1,0.345089693
13043950300,0.5,26,13,0.346981849
13045910103,0.6666666666666666,9,6,0.214656772
13045910105,1.0,1,1,0.232955807
13045910106,0.3333333333333333,3,1,0.495670996
13045910201,0.7272727272727273,11,8,0.131703251
13045910202,0.0,1,0,0.224059889
13045910203,0.3684210526315789,19,7,0.261163735
13045910301,0.6190476190476191,21,13,0.399520815
13045910302,0.391304347826087,23,9,0.332411365
13045910400,0.4,20,8,0.275087909
13045910502,0.0,2,0,0.840435758
13045910503,0.2857142857142857,7,2,0.527327935
13045910504,0.2857142857142857,7,2,0.415399706
13045910600,0.38461538461538464,13,5,0.374662162
13045910704,0.6363636363636364,11,7,0.331061055
13045910705,1.0,3,3,0.488906981
13045910706,1.0,2,2,0.220590837
13045910707,0.5833333333333334,12,7,0.299410029
13045910800,0.17647058823529413,68,12,0.373340143
13045910900,0.2,35,7,0.316609839
13045911001,0.3333333333333333,9,3,0.198748934
13045911002,0.0,9,0,0.217205613
13045911101,0.0,3,0,0.437414567
13045911102,0.4666666666666667,15,7,0.075645756
13045911201,0.45454545454545453,22,10,0.480601358
13045911202,0.05714285714285714,35,2,0.301322199
13047030100,0.09302325581395349,43,4,0.398076923
13047030201,0.0,7,0,0.211826347
13047030202,0.1111111111111111,18,2,0.236244402
13047030303,0.0,5,0,0.205635329
13047030304,0.0,22,0,0.294636472
13047030305,0.0,4,0,0.32974359
13047030402,0.0,17,0,0.232585797
13047030403,0.0,10,0,0.127262226
13047030404,0.0,8,0,0.198286938
13047030501,0.6666666666666666,3,2,0.516913721
13047030502,0.3,10,3,0.311059908
13047030600,0.6666666666666666,6,4,0.356804086
13047030701,0.0,12,0,0.395766517
13047030702,0.1111111111111111,9,1,0.377602962
13049010101,0.06,50,3,0.401228501
13049010102,0.0,13,0,0.550837175
13049010200,0.09278350515463918,97,9,0.337995338
13051002200,0.0,1,0,0.443603689
13051003501,0.0,3,0,0.516407599
13051003502,0.0,1,0,0.469879518
13051003900,0.0,2,0,0.418568465
13051004001,0.0,2,0,0.342087542
13051004002,0.0,3,0,0.482823826
13051004100,0.5,4,2,0.234104046
13051004209,1.0,5,5,0.473462953
13051004210,0.5,2,1,0.469233904
13051010502,0.0,1,0,0.572608062
13051010503,0.0,3,0,0.63973064
13051010504,0.0,5,0,0.562592483
13051010601,0.0,1,0,0.586191924
13051010603,0.0,4,0,0.383924929
13051010701,0.4444444444444444,18,8,0.654501217
13051010703,1.0,3,3,0.201310401
13051010801,0.0,6,0,0.227838456
13051010807,0.0,10,0,0.140518839
13051010811,0.0,1,0,0.238336714
13051010813,0.0,3,0,0.506959009
13051010814,0.0,5,0,0.247414928
13051010815,0.0,4,0,0.317269076
13051010818,0.0,21,0,0.649599288
13051010821,0.0,4,0,0.122063037
13051011004,1.0,1,1,0.112481645
13051011005,0.8947368421052632,19,17,0.137372977
13051011006,1.0,20,20,0.09009901
13051011007,1.0,1,1,0.484312148
13051011008,1.0,6,6,0.189824945
13051011104,0.0,5,0,0.253119093
13051011107,0.6666666666666666,15,10,0.050687285
13051011108,0.5,14,7,0.162650602
13051011110,0.8461538461538461,13,11,0.062704115
13051011111,0.75,4,3,0.247823564
13051011112,0.0,1,0,0.135396518
13051011113,0.8333333333333334,6,5,0.118865598
13051011500,0.5294117647058824,34,18,0.138449672
13051990000,0.5,4,2,0.0
13053020100,0.2,15,3,0.64468448
13053020203,0.0,12,0,0.592458303
13053020205,0.0,2,0,0.379713224
13053020206,0.5588235294117647,34,19,0.0
13055010100,0.6379310344827587,58,37,0.451204573
13055010201,0.5,12,6,0.356532743
13055010202,0.3076923076923077,13,4,0.665836188
13055010300,0.42857142857142855,42,18,0.443609023
13055010401,0.6428571428571429,14,9,0.537517053
13055010402,0.0,3,0,0.603403626
13055010501,0.3333333333333333,6,2,0.683861459
13055010502,0.5,12,6,0.52888477
13055010600,0.5121951219512195,41,21,0.42012848
13057090101,0.64,25,16,0.214228134
13057090102,1.0,32,32,0.234085415
13057090103,0.36363636363636365,11,4,0.114133074
13057090201,0.4,5,2,0.239442947
13057090202,0.5714285714285714,42,24,0.236079502
13057090301,1.0,1,1,0.174453655
13057090302,0.3333333333333333,6,2,0.343195266
13057090303,0.0,8,0,0.114552062
13057090401,0.0,3,0,0.533642691
13057090402,0.26666666666666666,15,4,0.257113821
13057090503,1.0,6,6,0.152752294
13057090504,1.0,3,3,0.044776119
13057090505,1.0,2,2,0.058659773
13057090506,0.4,35,14,0.182834969
13057090507,0.875,8,7,0.064770391
13057090603,1.0,8,8,0.206371986
13057090604,0.16666666666666666,6,1,0.406983931
13057090605,0.25,4,1,0.595817121
13057090703,0.0,3,0,0.354425682
13057090704,0.0,5,0,0.326979143
13057090705,1.0,3,3,0.212187959
13057090707,1.0,1,1,0.260300071
13057090708,1.0,1,1,0.169283611
13057090709,0.0,3,0,0.18582825
13057090710,0.42857142857142855,7,3,0.049647116
13057090805,0.75,4,3,0.240942029
13057090806,1.0,2,2,0.076507277
13057090807,0.0,1,0,0.098205128
13057090808,0.0,1,0,0.031668876
13057090809,0.8,5,4,0.088170463
13057090810,1.0,3,3,0.111593574
13057090905,0.0,2,0,0.175893044
13057090906,0.0,1,0,0.061870277
13057090907,0.0,3,0,0.126895265
13057090908,0.0,1,0,0.123099559
13057090909,0.0,3,0,0.240568199
13057090910,0.0,6,0,0.16500679
13057090911,0.0,6,0,0.1285299
13057090912,0.4,5,2,0.261530913
13057091001,0.0,6,0,0.205071665
13057091006,1.0,3,3,0.10837331
13057091007,1.0,2,2,0.153802737
13057091009,0.0,3,0,0.127196798
13057091010,0.0,3,0,0.067141089
13057091011,0.3333333333333333,3,1,0.228526575
13057091012,0.0,2,0,0.286003543
13057091101,1.0,2,2,0.150668287
13057091104,1.0,5,5,0.118034538
13057091105,1.0,4,4,0.321783142
13057091106,1.0,3,3,0.090331027
13057091107,1.0,1,1,0.329364005
13059000100,0.0,3,0,0.875408861
13059000402,0.0,4,0,0.743346008
13059000600,0.0,1,0,0.592458885
13059000900,0.0,4,0,0.778749338
13059001200,0.16666666666666666,6,1,0.343228819
13059001700,0.0,3,0,0.33495671
13059001800,0.0,1,0,0.379769299
13059001900,0.0,2,0,0.438219732
13059002000,0.0,2,0,0.30406746
13059002100,0.0,1,0,0.591055456
13059002200,1.0,1,1,0.416376307
13059030101,0.0,1,0,0.799851467
13059030102,0.0,2,0,0.378533569
13059030200,0.0,8,0,0.809357798
13059130300,0.0,3,0,0.456514022
13059130400,0.0,1,0,0.312398644
13059130500,0.0,13,0,0.274948383
13059130601,0.0,5,0,0.387398179
13059130602,0.0,5,0,0.449982572
13059130701,0.0,2,0,0.251539788
13059130702,0.0,3,0,0.136092599
13059140300,0.0,8,0,0.531139346
13059140400,0.0,2,0,0.601007109
13059140500,0.0,8,0,0.547646383
13059140600,1.0,3,3,0.299756437
13059150300,0.0,7,0,0.335894284
13059150400,0.041666666666666664,24,1,0.798779109
13059150500,0.0,11,0,0.635622155
13059150701,0.0,2,0,0.399827846
13059150702,1.0,2,2,0.112562189
13059150800,0.4,5,2,0.160349854
13059150900,0.35714285714285715,14,5,0.280294048
13061960300,0.3333333333333333,36,12,0.489635454
13063040202,0.0,4,0,0.631467793
13063040203,1.0,2,2,0.344540005
13063040306,0.0,1,0,0.554113506
13063040308,0.0,1,0,0.481912472
13063040309,0.0,2,0,0.491251682
13063040407,0.0,2,0,0.432189731
13063040410,0.0,4,0,0.49845679
13063040416,0.0,1,0,0.609255287
13063040417,0.0,2,0,0.568419457
13063040418,0.0,2,0,0.556239016
13063040420,0.0,1,0,0.345435818
13063040422,0.0,1,0,0.733310969
13063040423,0.0,2,0,0.50117096
13063040424,0.0,2,0,0.329380374
13063040425,0.0,3,0,0.524610703
13063040426,0.0,1,0,0.373662551
13063040427,0.0,2,0,0.368421053
13063040509,0.0,2,0,0.223394899
13063040512,0.0,2,0,0.324155194
13063040513,0.0,3,0,0.484673639
13063040518,0.0,2,0,0.564774381
13063040521,0.0,2,0,0.615207961
13063040522,0.0,1,0,0.534571723
13063040525,0.0,4,0,0.386884108
13063040527,0.0,1,0,0.367115097
13063040528,0.0,2,0,0.502184996
13063040529,0.0,1,0,0.389896373
13063040530,0.0,1,0,0.232687716
13063040533,0.0,3,0,0.411790879
13063040534,0.0,2,0,0.287298387
13063040536,0.0,1,0,0.624669604
13063040537,0.0,1,0,0.446104227
13063040617,0.0,1,0,0.632876712
13063040625,0.0,2,0,0.200824642
13063040626,0.0,1,0,0.324036095
13063040629,0.0,5,0,0.470252649
13063040630,0.0,2,0,0.552639253
13063040631,0.0,7,0,0.242992102
13063040632,0.0,2,0,0.447041365
13063040633,0.0,1,0,0.458977
13063040634,0.5,2,1,0.684858337
13063040635,1.0,1,1,0.351821642
13063040636,0.875,8,7,0.346348403
13063040638,0.2857142857142857,7,2,0.289421651
13063040639,0.0,7,0,0.10882605
13063980000,0.8,5,4,0.0
13065970100,0.3888888888888889,18,7,0.518158474
13065970200,0.27472527472527475,91,25,0.49786142
13067030104,0.0,2,0,0.317679558
13067030107,1.0,2,2,0.127504174
13067030108,0.6,5,3,0.085841244
13067030110,0.0,2,0,0.401665167
13067030111,0.0,3,0,0.258986756
13067030112,0.0,1,0,0.238187702
13067030113,0.0,1,0,0.284058717
13067030233,0.0,4,0,0.068281478
13067030235,0.0,4,0,0.218471733
13067030240,0.0,3,0,0.118920033
13067030241,0.0,1,0,0.189966802
13067030242,0.0,2,0,0.108256423
13067030243,0.0,2,0,0.213111948
13067030244,0.0,4,0,0.037004977
13067030245,0.0,2,0,0.067643468
13067030247,1.0,1,1,0.319869707
13067030248,0.5,6,3,0.366398299
13067030250,0.0,2,0,0.10942852
13067030251,0.0,3,0,0.083624801
13067030252,0.0,5,0,0.048212462
13067030253,0.0,4,0,0.192450672
13067030256,0.0,5,0,0.074875798
13067030257,0.0,2,0,0.258212727
13067030259,0.0,2,0,0.26908078
13067030261,0.0,1,0,0.093088071
13067030262,0.0,4,0,0.040641934
13067030263,0.0,3,0,0.145010768
13067030265,0.0,1,0,0.014187751
13067030266,1.0,2,2,0.033029118
13067030267,0.0,2,0,0.024694945
13067030268,0.0,2,0,0.100755668
13067030270,0.0,5,0,0.209804594
13067030271,0.0,3,0,0.285714286
13067030274,1.0,1,1,0.182473951
13067030276,0.0,3,0,0.08623724
13067030277,1.0,2,2,0.094207955
13067030278,0.0,3,0,0.286456642
13067030319,0.0,5,0,0.153449821
13067030324,0.0,2,0,0.092386465
13067030329,0.0,2,0,0.096731154
13067030331,0.0,2,0,0.07141569
13067030334,0.0,2,0,0.148554913
13067030335,0.3333333333333333,3,1,0.098492462
13067030343,1.0,2,2,0.045277127
13067030344,0.0,2,0,0.239893617
13067030345,0.0,2,0,0.145497173
13067030346,0.3333333333333333,3,1,0.223211107
13067030347,0.0,2,0,0.142249104
13067030348,0.5,4,2,0.164136233
13067030349,0.0,3,0,0.351459293
13067030351,0.0,2,0,0.074444086
13067030352,0.0,6,0,0.16886671
13067030354,0.0,2,0,0.084437794
13067030355,0.0,1,0,0.22941681
13067030356,0.0,3,0,0.147648175
13067030357,0.0,1,0,0.062068966
13067030358,0.0,2,0,0.116382919
13067030360,1.0,1,1,0.075274438
13067030361,1.0,2,2,0.236067766
13067030363,0.0,2,0,0.214386859
13067030364,0.0,2,0,0.115328467
13067030365,0.0,3,0,0.055610725
13067030366,0.0,5,0,0.053786708
13067030368,0.0,2,0,0.131208302
13067030370,0.0,1,0,0.027270453
13067030405,0.0,2,0,0.357250984
13067030409,0.0,2,0,0.082300885
13067030410,0.0,3,0,0.18454085
13067030411,0.0,1,0,0.489130435
13067030412,0.0,1,0,0.459800087
13067030413,0.0,2,0,0.344259359
13067030505,0.0,3,0,0.422789849
13067030507,1.0,1,1,0.11970356
13067030508,0.3333333333333333,3,1,0.277684092
13067030509,1.0,1,1,0.063294638
13067030510,0.0,1,0,0.105113636
13067030511,0.2,5,1,0.25754176
13067030602,0.0,3,0,0.124363826
13067030700,0.0,2,0,0.341717652
13067030800,0.0,2,0,0.458361853
13067030906,0.0,3,0,0.273171816
13067030907,0.0,3,0,0.078185865
13067030908,0.0,3,0,0.338506305
13067030909,0.0,2,0,0.184946237
13067030910,0.0,1,0,0.34325452
13067030911,0.0,1,0,0.442312816
13067030912,0.0,4,0,0.410848902
13067031001,0.0,3,0,0.526935426
13067031004,0.0,2,0,0.583220109
13067031005,0.0,4,0,0.175525585
13067031006,0.0,1,0,0.383848977
13067031007,0.0,1,0,0.435337727
13067031115,0.0,3,0,0.212456052
13067031116,0.0,3,0,0.346545555
13067031117,0.0,2,0,0.127856025
13067031120,0.0,1,0,0.212290503
13067031209,1.0,1,1,0.026807295
13067031212,0.2,5,1,0.035686275
13067031213,0.25,4,1,0.276341948
13067031214,0.0,2,0,0.199654065
13067031218,1.0,2,2,0.111593574
13067031221,0.0,2,0,0.097070244
13067031306,0.0,3,0,0.291861761
13067031314,0.0,2,0,0.072820513
13067031315,0.0,2,0,0.034299792
13067031316,0.0,3,0,0.279505128
13067031319,0.0,1,0,0.48671826
13067031321,0.0,1,0,0.47689464
13067031323,0.0,2,0,0.145917001
13067031324,0.0,2,0,0.194477505
13067031325,0.0,2,0,0.124664159
13067031409,0.2,10,2,0.281795511
13067031410,0.0,4,0,0.183319571
13067031411,0.0,1,0,0.441744103
13067031412,0.0,2,0,0.300513299
13067031413,0.0,1,0,0.225579578
13067031414,0.0,2,0,0.179004704
13067031415,1.0,2,2,0.274987811
13067031416,0.0,6,0,0.214547958
13067031417,0.3333333333333333,6,2,0.374274366
13067031507,0.0,2,0,0.180311231
13067031510,0.0,4,0,0.16011149
13067031511,0.0,5,0,0.169352387
13067031512,0.0,4,0,0.353018373
13067031513,0.0,2,0,0.064251911
13067031515,0.0,2,0,0.144149082
13067031518,0.0,4,0,0.281116712
13069010100,0.0,49,0,0.389418337
13069010200,0.13636363636363635,22,3,0.42875946
13069010301,0.3333333333333333,27,9,0.373913043
13069010302,0.0,10,0,0.648342765
13069010401,0.0,4,0,0.42288197
13069010402,0.0,7,0,0.494067238
13069010500,0.0,6,0,0.482471194
13069010600,0.0,19,0,0.287628866
13069010701,0.0,2,0,0.512554113
13069010702,0.0,5,0,0.51957672
13069010801,0.0,2,0,0.565529233
13069010802,0.23809523809523808,21,5,0.594548912
13071970101,0.08333333333333333,12,1,0.47212915
13071970102,0.29411764705882354,17,5,0.436096366
13071970200,0.0,16,0,0.428947368
13071970302,0.0,10,0,0.421227987
13071970400,0.6666666666666666,3,2,0.36313313
13071970500,0.5384615384615384,26,14,0.556975506
13071970601,0.0,14,0,0.486433346
13071970602,0.13333333333333333,15,2,0.560071727
13071970702,0.0,1,0,0.728534258
13071970703,0.0,4,0,0.375
13071970704,0.0,1,0,0.248893261
13071970800,0.2222222222222222,9,2,0.589181287
13071970901,0.0,33,0,0.289065081
13071970902,0.0,19,0,0.441773504
13073030103,0.0,2,0,0.069361005
13073030105,0.0,2,0,0.218139171
13073030106,0.0,1,0,0.196433057
13073030107,0.75,8,6,0.090704858
13073030108,0.8,5,4,0.147694633
13073030201,0.0,3,0,0.239249543
13073030203,0.0,3,0,0.265170002
13073030304,0.3333333333333333,6,2,0.123246045
13073030306,0.5,4,2,0.181576499
13073030307,0.6666666666666666,3,2,0.198885878
13073030308,0.75,8,6,0.036636881
13073030310,0.6,5,3,0.124097352
13073030312,0.5,4,2,0.113096056
13073030401,1.0,7,7,0.259982254
13073030403,1.0,2,2,0.249663978
13073030404,1.0,4,4,0.073389356
13073030505,0.6666666666666666,3,2,0.387896503
13073030603,0.0,1,0,0.194422097
13075960100,0.3157894736842105,19,6,0.469008264
13075960200,0.45,20,9,0.572994987
13075960301,0.0,5,0,0.591048096
13075960302,0.0,13,0,0.280076211
13075960400,0.3181818181818182,22,7,0.396665204
13077170101,0.0,20,0,0.157000586
13077170102,0.37209302325581395,43,16,0.163911606
13077170200,0.0,7,0,0.312253452
13077170303,0.0,8,0,0.14349244
13077170304,0.0,3,0,0.156042835
13077170307,0.0,1,0,0.433979686
13077170308,0.0,4,0,0.326772444
13077170310,0.0,4,0,0.415162455
13077170404,0.0,1,0,0.0775033
13077170405,0.8,5,4,0.185288641
13077170406,0.0,2,0,0.150142993
13077170408,0.5,4,2,0.063644182
13077170501,0.7142857142857143,14,10,0.177013548
13077170502,1.0,10,10,0.190828025
13077170503,0.13636363636363635,22,3,0.173278201
13077170603,0.4,10,4,0.169696109
13077170604,0.0,1,0,0.463444553
13077170605,0.0,3,0,0.393580104
13077170607,0.0,2,0,0.069711538
13077170701,0.0,4,0,0.254245283
13077170702,0.13333333333333333,15,2,0.438456189
13077170801,0.22727272727272727,22,5,0.208357858
13077170802,0.8148148148148148,27,22,0.180165011
13079070100,0.5978260869565217,92,55,0.448878532
13079070201,0.15625,32,5,0.257116788
13079070202,0.35135135135135137,37,13,0.407942238
13081010201,0.0967741935483871,31,3,0.479247229
13081010202,0.3333333333333333,6,2,0.513623978
13081010300,0.0,9,0,0.41362621
13081010400,0.0,1,0,0.334287157
13081010500,0.0,2,0,0.306637807
13083040102,0.7317073170731707,41,30,0.407011778
13083040103,0.6190476190476191,21,13,0.356206631
13083040104,0.42105263157894735,19,8,0.182222222
13083040200,0.0,4,0,0.269756228
13083040300,0.4444444444444444,9,4,0.262711864
13085970101,0.0,8,0,0.263912794
13085970102,1.0,14,14,0.265937303
13085970103,0.19148936170212766,47,9,0.122578596
13085970203,0.0,5,0,0.156477127
13085970204,0.0,2,0,0.228398314
13085970205,0.1388888888888889,36,5,0.30455259
13085970206,0.3333333333333333,9,3,0.332540026
13087970100,0.8,10,8,0.384467266
13087970200,0.0,12,0,0.324442944
13087970301,1.0,5,5,0.705074627
13087970302,1.0,6,6,0.667109635
13087970400,1.0,8,8,0.611327365
13087970700,0.6470588235294118,17,11,0.496148909
13087970800,0.1111111111111111,18,2,0.468201327
13089020100,0.0,3,0,0.157415833
13089020200,0.0,1,0,0.110204082
13089020300,0.0,1,0,0.135435169
13089020500,0.0,1,0,0.255694143
13089020802,0.0,1,0,0.159707478
13089020901,0.0,1,0,0.200597808
13089021101,0.0,1,0,0.088287228
13089021204,0.0,1,0,0.771701982
13089021208,0.0,2,0,0.118619549
13089021217,0.0,1,0,0.178991016
13089021219,0.0,2,0,0.026034998
13089021220,0.0,4,0,0.070314637
13089021221,0.0,2,0,0.111034483
13089021222,0.0,1,0,0.279126709
13089021224,0.0,1,0,0.28101072
13089021228,1.0,1,1,0.011761331
13089021229,1.0,1,1,0.043301366
13089021301,0.0,2,0,0.398150743
13089021305,0.0,3,0,0.512304251
13089021306,0.0,1,0,0.373214975
13089021308,0.0,1,0,0.468766001
13089021409,0.0,3,0,0.522831602
13089021410,0.0,3,0,0.315438726
13089021415,0.0,1,0,0.238717068
13089021417,0.0,2,0,0.519972609
13089021419,0.0,1,0,0.288732394
13089021505,0.0,3,0,0.328070175
13089021506,0.0,1,0,0.249614198
13089021602,0.0,2,0,0.105706022
13089021608,0.0,2,0,0.217559524
13089021609,0.0,1,0,0.175489068
13089021707,0.0,2,0,0.04985444
13089021708,0.0,3,0,0.245964643
13089021709,0.0,2,0,0.22754491
13089021710,0.0,1,0,0.030037547
13089021711,0.0,3,0,0.338121118
13089021712,0.0,2,0,0.396655829
13089021812,0.0,1,0,0.27884292
13089021813,0.5,2,1,0.495912807
13089021815,0.0,2,0,0.673515466
13089021816,0.0,1,0,0.209813875
13089021817,0.0,4,0,0.408733281
13089021819,0.0,1,0,0.132093317
13089021822,0.0,1,0,0.096498054
13089021823,0.0,3,0,0.092974667
13089021824,0.0,3,0,0.612750455
13089021906,0.0,2,0,0.516882674
13089021908,0.0,3,0,0.385344513
13089021910,0.0,3,0,0.375254582
13089021911,0.0,1,0,0.590608696
13089021912,0.0,5,0,0.187374462
13089021913,0.0,1,0,0.621313507
13089021914,0.0,1,0,0.342199068
13089021915,0.5,4,2,0.121205455
13089021916,0.0,2,0,0.294740437
13089021917,0.0,2,0,0.319906009
13089022001,0.0,2,0,0.176681425
13089022005,0.0,2,0,0.457413249
13089022007,0.0,2,0,0.685963843
13089022013,0.0,2,0,0.550327205
13089022014,0.0,1,0,0.73968254
13089022205,0.0,1,0,0.236171678
13089022206,0.0,2,0,0.259180791
13089022302,0.0,7,0,0.199462366
13089022303,0.0,2,0,0.134136326
13089022304,0.0,4,0,0.317291736
13089022401,0.0,1,0,0.238219895
13089022403,0.0,4,0,0.076211346
13089022404,0.0,2,0,0.481724461
13089022405,0.0,2,0,0.255220418
13089022501,0.0,1,0,0.268595976
13089022502,0.0,1,0,0.084341906
13089022800,0.0,2,0,0.141215107
13089022900,0.0,2,0,0.096411483
13089023000,0.0,1,0,0.093461861
13089023101,0.0,2,0,0.281242236
13089023102,0.0,1,0,0.412162162
13089023107,0.0,2,0,0.378176731
13089023111,0.0,2,0,0.615759185
13089023114,0.0,3,0,0.43725643
13089023211,0.0,3,0,0.251428571
13089023213,0.0,4,0,0.457796476
13089023214,0.0,4,0,0.335690875
13089023215,0.0,3,0,0.472714387
13089023216,0.0,2,0,0.191543438
13089023217,0.0,2,0,0.385852851
13089023218,0.0,1,0,0.441156228
13089023219,0.0,4,0,0.388939463
13089023220,0.0,1,0,0.277739959
13089023221,0.0,4,0,0.203480213
13089023222,0.0,3,0,0.498568702
13089023315,0.08333333333333333,12,1,0.280175859
13089023317,0.75,4,3,0.584263065
13089023318,0.0,1,0,0.211577869
13089023320,1.0,2,2,0.567168118
13089023321,1.0,1,1,0.373269798
13089023325,0.75,4,3,0.121876904
13089023326,1.0,1,1,0.304243009
13089023327,1.0,2,2,0.356088815
13089023330,0.0,2,0,0.423233533
13089023331,1.0,2,2,0.473716569
13089023332,1.0,1,1,0.307749906
13089023410,0.0,4,0,0.523546512
13089023411,0.0,4,0,0.329586877
13089023413,0.0,3,0,0.164397906
13089023422,0.0,4,0,0.369195923
13089023424,0.0,4,0,0.350570482
13089023425,0.0,10,0,0.312660256
13089023426,0.0,8,0,0.165869981
13089023427,1.0,3,3,0.315297261
13089023429,1.0,3,3,0.52660368
13089023430,1.0,1,1,0.411764706
13089023432,0.1111111111111111,9,1,0.074185601
13089023433,0.4444444444444444,9,4,0.389383886
13089023434,0.0,1,0,0.292012222
13089023436,0.0,3,0,0.266043989
13089023437,0.0,9,0,0.248656294
13089023438,0.0,6,0,0.30273282
13089023439,0.0,3,0,0.560838637
13089023440,0.0,2,0,0.073540958
13089023442,0.0,4,0,0.271731691
13089023443,0.0,4,0,0.157249721
13089023444,0.0,9,0,0.407461954
13089023445,0.0,2,0,0.163513132
13089023446,0.0,3,0,0.370743405
13089023448,0.0,3,0,0.336996337
13089023501,0.0,1,0,0.379329609
13089023504,0.0,1,0,0.45870923
13089023506,0.0,3,0,0.351378958
13089023601,0.0,1,0,0.248810831
13089023602,0.0,4,0,0.306177261
13089023603,0.0,4,0,0.578333738
13089023701,0.0,2,0,0.463320463
13089023702,0.0,2,0,0.550050218
13089023801,0.0,4,0,0.227776658
13089023802,0.0,11,0,0.263367052
13089023803,0.0,5,0,0.387726639
13089980000,0.0,2,0,0.0
13091960100,0.5555555555555556,9,5,0.403603604
13091960200,1.0,6,6,0.648568608
13091960301,1.0,4,4,0.420622921
13091960302,0.25,16,4,0.258388101
13091960400,0.6,10,6,0.631163171
13091960500,0.9090909090909091,11,10,0.418037135
13091960600,0.0,42,0,0.36987041
13093970100,0.5714285714285714,14,8,0.341671944
13093970200,0.7222222222222222,36,26,0.492167102
13093970300,0.1875,16,3,0.52568306
13095000200,0.0,2,0,0.707624794
13095000800,0.0,1,0,0.855952381
13095001403,0.0,4,0,0.591549296
13095010302,0.0,1,0,0.679490151
13095010403,0.1,20,2,0.262424242
13095010601,0.0,1,0,0.647234679
13095010602,0.0,9,0,0.445416262
13095010702,0.0,4,0,0.65189289
13095010900,0.0,6,0,0.465627215
13095011000,0.6666666666666666,12,8,0.398179059
13095011300,0.25,4,1,0.451230629
13095011400,0.0,1,0,0.873327386
13095011600,1.0,4,4,0.378179384
13097080104,0.6666666666666666,3,2,0.412688309
13097080105,0.7142857142857143,14,10,0.196966106
13097080106,0.75,4,3,0.235491753
13097080107,1.0,3,3,0.404923386
13097080201,0.0,2,0,0.418139892
13097080303,0.3333333333333333,3,1,0.621955078
13097080304,1.0,4,4,0.312438008
13097080305,0.0,4,0,0.18812769
13097080307,0.0,2,0,0.269775831
13097080403,1.0,7,7,0.309464864
13097080405,1.0,28,28,0.079755772
13097080406,0.5333333333333333,15,8,0.238525013
13097080407,0.0,2,0,0.242826044
13097080408,0.0,7,0,0.323185012
13097080505,1.0,4,4,0.354162208
13097080506,1.0,8,8,0.303240269
13097080507,0.75,12,9,0.223303457
13097080508,0.5,4,2,0.327548807
13097080509,0.0,1,0,0.160497871
13097080512,1.0,4,4,0.170502493
13097080513,0.0,2,0,0.210607735
13097080514,0.5384615384615384,13,7,0.139897579
13097080515,0.0,3,0,0.318091091
13097080602,0.7,10,7,0.254881657
13097080605,0.0,2,0,0.25569044
13097080606,0.0,9,0,0.147520661
13097080607,0.3333333333333333,3,1,0.055284135
13097080608,0.6666666666666666,3,2,0.305418719
13099090100,0.13333333333333333,15,2,0.547314578
13099090200,0.8,5,4,0.401408451
13099090300,0.2777777777777778,18,5,0.25462963
13099090400,0.4117647058823529,17,7,0.530365566
13099090500,0.8,20,16,0.49771167
13101880100,0.4155844155844156,77,32,0.411993769
13101880200,0.09090909090909091,33,3,0.309533636
13103030100,0.0,62,0,0.42295887
13103030204,0.0,10,0,0.242050874
13103030205,0.0,14,0,0.245389184
13103030206,0.0,36,0,0.110198494
13103030207,0.0,13,0,0.248803828
13103030209,0.0,5,0,0.107142857
13103030301,0.0,3,0,0.168002003
13103030303,0.0,15,0,0.251152074
13103030308,0.0,1,0,0.202518139
13103030309,0.0,27,0,0.136051407
13103030401,0.0,17,0,0.265097434
13105000100,0.5555555555555556,18,10,0.282037676
13105000200,0.46808510638297873,47,22,0.481120585
13105000300,0.2608695652173913,23,6,0.272604952
13105000400,0.0,5,0,0.578602069
13105000501,0.7333333333333333,15,11,0.37751004
13105000502,0.23076923076923078,13,3,0.391571309
13107970101,0.0,6,0,0.394125683
13107970102,0.0,20,0,0.457440294
13107970200,0.0,36,0,0.399289701
13107970401,0.0,14,0,0.566255472
13107970402,0.35714285714285715,14,5,0.417486339
13107970500,0.0,29,0,0.354385965
13107970602,0.05714285714285714,35,2,0.271624266
13109970100,0.0,31,0,0.401882189
13109970200,0.0,12,0,0.423414634
13109970300,0.0,36,0,0.407870653
13111050100,0.25,32,8,0.435054773
13111050200,0.05714285714285714,35,2,0.422648178
13111050300,0.6451612903225806,93,60,0.352941176
13111050400,0.4444444444444444,27,12,0.485549944
13111050500,0.39759036144578314,83,33,0.298497421
13113140102,0.1111111111111111,9,1,0.139686063
13113140103,0.25,4,1,0.464219042
13113140104,0.0,5,0,0.161093193
13113140203,0.25,4,1,0.094144838
13113140204,0.0,2,0,0.345589421
13113140206,0.0,1,0,0.092213597
13113140210,0.3333333333333333,3,1,0.095260515
13113140303,0.3333333333333333,6,2,0.151324828
13113140305,0.14285714285714285,7,1,0.063764857
13113140307,0.375,8,3,0.046971109
13113140308,0.0,5,0,0.093811395
13113140309,0.0,1,0,0.212619808
13113140403,0.0,3,0,0.126034251
13113140404,0.0,5,0,0.151259214
13113140405,0.3333333333333333,3,1,0.060949681
13113140406,0.0,7,0,0.204992034
13113140408,1.0,6,6,0.128264805
13113140409,1.0,2,2,0.197829037
13113140410,0.0,4,0,0.237914452
13113140501,0.6923076923076923,26,18,0.107660146
13113140502,0.5263157894736842,19,10,0.123882503
13115000100,0.1,30,3,0.393117141
13115000202,0.18333333333333332,60,11,0.159718462
13115000203,0.0,1,0,0.394205443
13115000204,0.0,22,0,0.497028395
13115000300,0.2962962962962963,27,8,0.234332425
13115000402,0.0,1,0,0.144336175
13115000403,0.0,2,0,0.35881926
13115000500,0.0,2,0,0.633065715
13115000600,0.0,12,0,0.573965998
13115000700,0.0,19,0,0.200117028
13115000800,0.0,7,0,0.230925738
13115000900,0.0,7,0,0.477060495
13115001100,0.0,5,0,0.587593985
13115001200,0.0,5,0,0.336393683
13115001301,0.0,3,0,0.467741935
13115001302,0.0,3,0,0.443018159
13115001400,0.0,47,0,0.253547915
13115001600,0.0,5,0,0.634456929
13115001703,0.4,5,2,0.144931294
13115001704,0.0,9,0,0.321334833
13115001705,0.0,14,0,0.390879479
13115001706,0.0,10,0,0.493039443
13115001800,0.2,5,1,0.534056317
13115002000,0.1044776119402985,67,7,0.277041677
13115002100,0.0,8,0,0.667998934
13117130101,0.3333333333333333,6,2,0.130020172
13117130102,0.0,3,0,0.114309907
13117130103,0.0,3,0,0.293081761
13117130104,0.0,3,0,0.066857689
13117130105,0.0,2,0,0.345763939
13117130201,0.0625,16,1,0.101895735
13117130202,0.0,6,0,0.045589848
13117130203,0.0,8,0,0.15379686
13117130204,1.0,1,1,0.178029766
13117130205,0.6666666666666666,3,2,0.177939646
13117130301,0.0,11,0,0.133239111
13117130303,0.0,9,0,0.048272358
13117130304,1.0,2,2,0.026662223
13117130306,0.0,2,0,0.132157755
13117130409,0.0,2,0,0.197749648
13117130410,0.0,4,0,0.149125936
13117130411,0.0,4,0,0.062643678
13117130412,0.0,4,0,0.12249382
13117130413,0.0,4,0,0.279526227
13117130414,0.0,3,0,0.148910412
13117130415,0.0,1,0,0.223826715
13117130503,0.0,1,0,0.204558911
13117130506,1.0,3,3,0.128878282
13117130507,0.6666666666666666,3,2,0.083991159
13117130508,0.8,5,4,0.051698395
13117130511,0.0,4,0,0.103365385
13117130606,0.0,1,0,0.057153192
13117130608,1.0,3,3,0.073020003
13117130609,0.0,2,0,0.06645524
13117130610,0.5714285714285714,7,4,0.117502458
13117130611,0.0,4,0,0.070965351
13117130614,1.0,1,1,0.075841402
13117130615,1.0,2,2,0.080655738
13119890101,1.0,10,10,0.494295029
13119890103,0.2,5,1,0.391459075
13119890104,0.0,7,0,0.320630749
13119890201,0.36666666666666664,30,11,0.54403794
13119890202,0.23809523809523808,21,5,0.302877015
13119890300,0.5555555555555556,36,20,0.346014996
13119890401,0.14285714285714285,7,1,0.49187205
13119890402,1.0,3,3,0.437609842
13121000100,0.0,2,0,0.220003877
13121000202,0.0,1,0,0.045248869
13121000400,0.0,2,0,0.086243386
13121000502,0.0,4,0,0.143901068
13121002400,0.0,1,0,0.630411059
13121004000,0.0,1,0,0.340794224
13121005200,0.0,2,0,0.106063807
13121005503,0.0,1,0,0.820598007
13121006500,0.5,2,1,0.379720488
13121006701,0.0,1,0,0.827059659
13121006702,0.0,1,0,0.322821101
13121006900,0.0,4,0,0.388641425
13121007001,0.0,4,0,0.520097442
13121007002,0.0,3,0,0.469840235
13121007100,0.0,1,0,0.565144533
13121007200,0.0,1,0,0.610474632
13121007302,0.0,2,0,0.596728016
13121007400,0.0,3,0,0.582933136
13121007500,0.0,3,0,0.612945407
13121007602,0.0,1,0,0.593982301
13121007604,0.0,1,0,0.892466765
13121007703,0.0,1,0,0.342584562
13121007707,0.0,2,0,0.382185396
13121007708,0.0,2,0,0.289022843
13121007709,0.0,1,0,0.23694502
13121007805,0.0,5,0,0.396512352
13121007806,0.0,2,0,0.4694974
13121007900,0.0,6,0,0.139591837
13121008000,0.0,2,0,0.447405828
13121008103,0.0,1,0,0.605202973
13121008104,0.0,1,0,0.52970451
13121008202,0.0,4,0,0.632535461
13121008400,0.0,1,0,0.660998553
13121008500,0.0,4,0,0.610274579
13121008602,0.0,3,0,0.651001541
13121008701,0.0,5,0,0.639968693
13121008702,0.0,4,0,0.203504043
13121008801,0.0,2,0,0.081958196
13121008802,0.0,2,0,0.134280639
13121008903,0.0,1,0,0.339839665
13121008905,0.0,3,0,0.079157175
13121008906,0.0,5,0,0.0546875
13121008907,0.0,1,0,0.141007698
13121008908,0.0,1,0,0.429415855
13121009001,0.0,2,0,0.051236749
13121009002,0.0,3,0,0.024135447
13121009103,0.0,2,0,0.22909477
13121009104,0.0,3,0,0.182983268
13121009105,0.0,2,0,0.019674936
13121009106,0.0,5,0,0.235092235
13121009201,0.0,2,0,0.365691489
13121009202,0.0,2,0,0.134588068
13121009203,0.0,2,0,0.188945087
13121009301,0.0,3,0,0.131490571
13121009405,0.0,3,0,0.351817458
13121009406,0.0,1,0,0.249095296
13121009411,0.0,1,0,0.170623742
13121009501,0.0,3,0,0.073617875
13121009700,0.0,12,0,0.085279454
13121009802,0.0,7,0,0.06148374
13121009804,0.0,2,0,0.07183908
13121009900,0.0,4,0,0.057994362
13121010004,0.0,2,0,0.258581236
13121010005,0.0,1,0,0.020291693
13121010106,0.6666666666666666,3,2,0.18726184
13121010107,0.25,4,1,0.063565891
13121010108,0.0,2,0,0.089490791
13121010115,0.0,1,0,0.021386139
13121010120,0.0,2,0,0.10552571
13121010126,0.0,2,0,0.168403501
13121010127,0.0,2,0,0.092890995
13121010128,0.0,1,0,0.063566804
13121010129,0.0,1,0,0.22024952
13121010131,0.0,1,0,0.039207921
13121010132,0.0,1,0,0.191136569
13121010204,0.2,5,1,0.050776809
13121010212,0.0,1,0,0.306311018
13121010215,0.0,4,0,0.059249506
13121010216,0.0,1,0,0.148915663
13121010217,0.0,3,0,0.196529611
13121010219,0.0,2,0,0.182451253
13121010220,1.0,1,1,0.139581929
13121010221,0.0,1,0,0.162045889
13121010222,0.0,2,0,0.05850234
13121010223,0.0,5,0,0.057996485
13121010306,0.0,2,0,0.183613753
13121010309,0.2857142857142857,14,4,0.209534884
13121010310,0.0,1,0,0.036983842
13121010311,0.0,11,0,0.32226627
13121010312,0.0,2,0,0.065585088
13121010313,0.0,5,0,0.113284434
13121010314,0.0,4,0,0.0
13121010401,1.0,1,1,0.289837398
13121010402,0.0625,32,2,0.236385836
13121010508,1.0,1,1,0.46238834
13121010518,0.0,1,0,0.210709318
13121010519,0.0,2,0,0.378363384
13121010520,0.0,2,0,0.522409993
13121010521,1.0,2,2,0.361894625
13121010528,0.0,1,0,0.511721704
13121010529,0.0,1,0,0.347302341
13121010531,0.0,3,0,0.006233766
13121010534,0.0,3,0,0.208735111
13121010537,0.0,1,0,0.333254773
13121010538,0.0,1,0,0.199792603
13121010540,0.0,2,0,0.276337933
13121010601,0.0,1,0,0.400845155
13121010603,0.3333333333333333,3,1,0.431842386
13121010604,0.5,2,1,0.554618768
13121011000,0.0,1,0,0.461653573
13121011100,0.0,1,0,0.204424416
13121011202,0.0,1,0,0.460440075
13121011301,0.0,3,0,0.359318424
13121011306,0.0,1,0,0.447299078
13121011307,0.0,1,0,0.632979749
13121011308,0.0,1,0,0.329325666
13121011310,0.0,1,0,0.386074784
13121011416,0.0,3,0,0.109898526
13121011419,0.0,3,0,0.06565911
13121011421,0.0,4,0,0.443870278
13121011422,0.0,5,0,0.169832402
13121011423,0.6666666666666666,3,2,0.091012514
13121011426,0.0,3,0,0.145655877
13121011429,0.0,2,0,0.184585742
13121011430,0.0,4,0,0.532287111
13121011431,0.0,3,0,0.717253177
13121011435,0.0,1,0,0.193556635
13121011436,0.3333333333333333,3,1,0.103058511
13121011437,0.0,2,0,0.161891612
13121011438,0.0,10,0,0.25876879
13121011439,0.0,4,0,0.156716418
13121011440,0.0,6,0,0.114250104
13121011444,0.0,5,0,0.089439955
13121011446,1.0,2,2,0.043448973
13121011507,1.0,6,6,0.136532221
13121011508,1.0,3,3,0.153560141
13121011509,0.4,5,2,0.017753922
13121011510,0.8,5,4,0.04718086
13121011511,0.0,2,0,0.053087349
13121011512,1.0,2,2,0.028801487
13121011513,1.0,2,2,0.131729668
13121011514,1.0,4,4,0.052988691
13121011515,1.0,1,1,0.021505376
13121011612,0.0,5,0,0.044121833
13121011624,0.0,1,0,0.047172141
13121011627,0.0,2,0,0.165326633
13121011628,0.0,1,0,0.068808644
13121011629,0.0,4,0,0.045971674
13121011631,0.0,3,0,0.123368741
13121011632,0.0,2,0,0.104529617
13121011633,0.0,2,0,0.276296933
13121011634,0.0,1,0,0.302899687
13121011635,0.2,5,1,0.043755989
13121011637,0.0,2,0,0.063803681
13121011638,0.0,3,0,0.177051493
13121011641,0.0,6,0,0.032878909
13121011646,0.0,3,0,0.19739645
13121011647,0.0,5,0,0.306763788
13121011648,0.0,3,0,0.047274276
13121011649,0.0,2,0,0.12962257
13121011654,0.0,1,0,0.092844974
13121011655,0.0,2,0,0.121742513
13121011659,0.0,1,0,0.062323944
13121011660,0.0,2,0,0.129792905
13123080100,0.5844155844155844,77,45,0.281756281
13123080200,0.3617021276595745,94,34,0.295366795
13123080301,0.2222222222222222,9,2,0.403319874
13123080302,0.23809523809523808,21,5,0.43071161
13123080401,0.5454545454545454,22,12,0.431212229
13123080402,0.5,14,7,0.145028657
13123080403,0.2857142857142857,28,8,0.157125078
13123080500,0.5,50,25,0.391653649
13125010100,0.046511627906976744,43,2,0.374689826
13127000101,0.0,6,0,0.219882056
13127000104,0.6666666666666666,3,2,0.141129032
13127000202,1.0,2,2,0.166584887
13127000301,0.9285714285714286,14,13,0.0
13127000302,1.0,18,18,0.085833333
13127000303,1.0,8,8,0.024868344
13127000403,0.7058823529411765,17,12,0.129422719
13127000406,0.0,10,0,0.246464646
13127000409,0.3333333333333333,21,7,0.29516129
13127000501,0.0,8,0,0.620040181
13127000503,0.0,1,0,0.505947861
13127000601,1.0,1,1,0.505959137
13127000602,0.1,10,1,0.20505992
13127000702,0.0,5,0,0.75132397
13127000800,0.125,8,1,0.669625247
13127000900,0.0,4,0,0.516074038
13127001001,0.4927536231884058,69,34,0.182784081
13127001002,0.0,19,0,0.163672655
13129970101,0.1,20,2,0.307129217
13129970102,0.2597402597402597,77,20,0.514781793
13129970201,0.16279069767441862,43,7,0.536999123
13129970202,0.02702702702702703,37,1,0.288756388
13129970301,0.0,9,0,0.550066313
13129970302,0.0,24,0,0.40403397
13129970400,0.0,3,0,0.384840098
13129970500,0.0,1,0,0.331864905
13129970601,0.0,9,0,0.493714645
13129970602,0.0,10,0,0.685882039
13129970700,0.0,25,0,0.472378075
13129970801,0.0,2,0,0.216042482
13129970802,0.0,11,0,0.371076233
13129970901,0.0,3,0,0.191925466
13129970902,0.2765957446808511,47,13,0.258928571
13131950100,0.0,6,0,0.352353186
13131950200,0.7,10,7,0.424789916
13131950300,0.42857142857142855,7,3,0.528445608
13131950401,0.0,1,0,0.451469996
13131950402,0.7142857142857143,7,5,0.574877068
13131950501,0.15789473684210525,19,3,0.372344856
13131950502,0.041666666666666664,24,1,0.343466767
13131950600,0.0967741935483871,31,3,0.423956931
13133950100,0.0975609756097561,41,4,0.366428963
13133950200,0.09090909090909091,11,1,0.442091032
13133950302,0.0,19,0,0.173636112
13133950304,0.0,8,0,0.132564841
13133950305,0.0,5,0,0.574259974
13133950400,0.0,6,0,0.519565217
13133950500,0.42105263157894735,19,8,0.410355987
13135050105,0.0,1,0,0.399668019
13135050110,0.0,3,0,0.303179994
13135050112,0.0,3,0,0.225340818
13135050113,0.0,7,0,0.165199224
13135050114,0.0,2,0,0.291907514
13135050115,0.0,3,0,0.349083896
13135050116,0.0,7,0,0.097323301
13135050118,0.0,1,0,0.241160111
13135050119,0.0,3,0,0.258279443
13135050120,0.3333333333333333,3,1,0.102799833
13135050121,0.0,2,0,0.097991847
13135050205,0.0,2,0,0.209029435
13135050215,0.0,1,0,0.493356048
13135050221,0.0,2,0,0.235417151
13135050223,0.2857142857142857,7,2,0.329227996
13135050224,0.0,1,0,0.107170593
13135050227,0.0,1,0,0.161010558
13135050229,0.0,2,0,0.576071429
13135050230,0.0,2,0,0.30926889
13135050232,0.0,1,0,0.134983652
13135050234,0.0,1,0,0.163970056
13135050235,0.5,6,3,0.186180769
13135050236,0.0,2,0,0.204405738
13135050237,0.0,1,0,0.255959476
13135050238,0.0,1,0,0.146569647
13135050239,0.0,2,0,0.145205479
13135050240,0.0,4,0,0.190788084
13135050241,0.0,3,0,0.132711818
13135050242,0.0,2,0,0.055555556
13135050243,0.0,3,0,0.026263953
13135050244,0.4,5,2,0.149212598
13135050306,1.0,1,1,0.39260274
13135050308,0.0,6,0,0.056722116
13135050311,1.0,1,1,0.101654846
13135050315,0.0,1,0,0.401561992
13135050317,0.0,1,0,0.388118812
13135050321,0.0,3,0,0.064557899
13135050322,0.0,5,0,0.08516426
13135050323,0.0,2,0,0.052206929
13135050325,1.0,2,2,0.280311159
13135050326,1.0,2,2,0.456287161
13135050327,0.0,1,0,0.428533047
13135050328,0.0,3,0,0.567027759
13135050330,0.0,2,0,0.488364134
13135050331,1.0,1,1,0.424088602
13135050333,0.3333333333333333,3,1,0.438713361
13135050334,0.0,2,0,0.392785571
13135050335,0.0,1,0,0.18706358
13135050415,1.0,7,7,0.247928013
13135050416,0.8,5,4,0.377098472
13135050425,0.0,3,0,0.231660965
13135050427,0.625,8,5,0.164159144
13135050430,1.0,3,3,0.221229818
13135050435,0.0,4,0,0.375162549
13135050437,0.0,2,0,0.319204801
13135050438,0.0,2,0,0.442130178
13135050439,0.0,2,0,0.607387141
13135050440,0.0,2,0,0.663587876
13135050441,0.0,3,0,0.548725329
13135050442,0.0,6,0,0.236624204
13135050443,0.5,2,1,0.275015733
13135050444,0.5,2,1,0.32642487
13135050445,0.0,1,0,0.566470406
13135050446,0.0,3,0,0.41737931
13135050452,0.0,2,0,0.5917603
13135050453,0.0,3,0,0.622470342
13135050456,0.3333333333333333,3,1,0.707124011
13135050457,0.8181818181818182,11,9,0.154832094
13135050458,1.0,2,2,0.354991634
13135050459,0.0,5,0,0.265190063
13135050460,0.0,2,0,0.721279213
13135050461,0.0,2,0,0.186530324
13135050462,0.0,3,0,0.086489542
13135050463,0.0,2,0,0.578354978
13135050464,0.0,3,0,0.464573435
13135050465,0.0,3,0,0.26048218
13135050466,0.0,2,0,0.284182306
13135050521,0.0,2,0,0.356722277
13135050522,0.0,1,0,0.411821148
13135050526,0.0,2,0,0.464613619
13135050528,0.0,1,0,0.115593645
13135050536,0.0,3,0,0.503463137
13135050537,0.0,2,0,0.406430719
13135050539,0.0,2,0,0.485886457
13135050541,0.0,2,0,0.325448302
13135050542,0.0,2,0,0.531771388
13135050549,0.0,4,0,0.273766743
13135050551,0.0,4,0,0.322096392
13135050552,0.0,1,0,0.16492016
13135050554,0.0,3,0,0.565902247
13135050558,0.0,2,0,0.253101737
13135050559,0.0,2,0,0.335767864
13135050561,0.0,1,0,0.454856863
13135050562,0.0,1,0,0.486544415
13135050563,0.0,3,0,0.182298137
13135050566,0.0,3,0,0.152777778
13135050568,0.0,4,0,0.206695125
13135050569,0.0,1,0,0.393927821
13135050570,0.0,2,0,0.30736224
13135050571,0.1111111111111111,9,1,0.389968254
13135050572,0.0,3,0,0.275421425
13135050573,0.0,2,0,0.069340796
13135050574,0.0,6,0,0.449090205
13135050576,0.0,3,0,0.364705882
13135050577,0.0,3,0,0.344894862
13135050578,0.0,2,0,0.224142012
13135050579,0.0,1,0,0.141607565
13135050580,0.0,2,0,0.262065387
13135050581,0.0,1,0,0.418958743
13135050582,0.0,1,0,0.08065227
13135050583,0.0,5,0,0.13163482
13135050584,0.0,2,0,0.165901956
13135050585,0.0,2,0,0.152486911
13135050586,0.0,3,0,0.318889641
13135050587,0.0,4,0,0.32705314
13135050588,0.0,1,0,0.156791104
13135050589,0.0,4,0,0.305899229
13135050590,0.0,1,0,0.272322332
13135050591,0.0,1,0,0.16222062
13135050613,0.0,1,0,0.173343911
13135050614,0.0,2,0,0.352362205
13135050617,0.0,4,0,0.119841345
13135050619,1.0,2,2,0.11207802
13135050620,1.0,2,2,0.00739645
13135050621,1.0,1,1,0.087284221
13135050622,0.8333333333333334,6,5,0.401028278
13135050623,0.7142857142857143,14,10,0.164141414
13135050624,0.0,4,0,0.200798631
13135050625,0.4,5,2,0.047885355
13135050626,1.0,8,8,0.037691148
13135050627,0.3333333333333333,6,2,0.234859675
13135050628,0.25,4,1,0.148080159
13135050629,0.0,1,0,0.020051414
13135050630,0.2,5,1,0.072683706
13135050631,0.0,4,0,0.299672797
13135050632,0.0,2,0,0.17574048
13135050633,0.0,2,0,0.342651757
13135050634,0.0,2,0,0.175513961
13135050715,0.0,3,0,0.259337349
13135050719,0.0,2,0,0.374724716
13135050722,0.0,4,0,0.292501856
13135050725,0.0,2,0,0.257237256
13135050732,0.0,1,0,0.336325238
13135050733,0.5,6,3,0.492758089
13135050734,0.25,4,1,0.137069689
13135050735,1.0,2,2,0.368199072
13135050736,0.75,4,3,0.226924879
13135050737,0.25,4,1,0.22412993
13135050738,0.0,4,0,0.244315889
13135050739,0.0,6,0,0.132453345
13135050740,0.0,1,0,0.339037433
13135050742,1.0,1,1,0.184663537
13135050743,0.0,2,0,0.127140327
13135050744,0.8571428571428571,7,6,0.221011162
13135050745,0.0,3,0,0.21742278
13135050746,0.0,2,0,0.064142857
13135050748,0.0,2,0,0.392612338
13135050749,0.0,3,0,0.257723351
13135050750,0.6666666666666666,9,6,0.21579253
13135050751,0.0,2,0,0.30921895
13135050752,0.0,2,0,0.446687697
13135050754,0.0,1,0,0.164090675
13135050755,0.0,2,0,0.267326733
13135050759,0.0,2,0,0.158566088
13135050760,0.8333333333333334,6,5,0.110334909
13135050761,0.0,1,0,0.192162554
13135050762,0.0,1,0,0.161915205
13135050763,0.0,1,0,0.362065145
13135050764,1.0,7,7,0.204828367
13135050765,0.5714285714285714,7,4,0.122824632
13137000100,0.5384615384615384,26,14,0.25248915
13137000201,0.5161290322580645,31,16,0.333012743
13137000203,0.23809523809523808,42,10,0.320873914
13137000204,0.6666666666666666,3,2,0.378478664
13137000300,0.2857142857142857,21,6,0.25949506
13137000400,0.3076923076923077,13,4,0.334537427
13137000501,0.0,2,0,0.379213483
13137000502,0.23076923076923078,13,3,0.345877144
13137000601,0.0,11,0,0.391246935
13137000603,0.3888888888888889,18,7,0.34375
13137000604,1.0,5,5,0.559476853
13139000101,0.0,32,0,0.334615385
13139000102,0.03333333333333333,30,1,0.302183406
13139000203,0.17647058823529413,17,3,0.242988606
13139000204,0.2,10,2,0.278266914
13139000205,0.0,6,0,0.321081538
13139000206,0.0,23,0,0.144760533
13139000303,0.25,8,2,0.165065813
13139000305,1.0,5,5,0.266484143
13139000401,0.5,2,1,0.201499531
13139000501,1.0,2,2,0.373130412
13139000601,0.25,4,1,0.219066937
13139000602,0.14285714285714285,14,2,0.289909237
13139000702,0.0,4,0,0.448561947
13139000703,1.0,5,5,0.371131585
13139000704,0.35714285714285715,14,5,0.340126963
13139000800,0.3333333333333333,3,1,0.625695364
13139000901,0.0,1,0,0.145104895
13139000902,0.6666666666666666,3,2,0.501814122
13139001005,0.0,3,0,0.486215045
13139001008,0.0,1,0,0.651055766
13139001101,0.0,2,0,0.590370235
13139001102,0.0,3,0,0.374240838
13139001202,0.42857142857142855,14,6,0.466027875
13139001204,0.4230769230769231,26,11,0.501745201
13139001302,0.0,7,0,0.265078183
13139001304,0.0,11,0,0.261268144
13139001402,0.25,4,1,0.275572519
13139001404,0.25,4,1,0.278253707
13139001405,0.8,5,4,0.356396867
13139001406,1.0,1,1,0.386301989
13139001501,0.0,3,0,0.271698723
13139001502,0.0,1,0,0.168756269
13139001603,0.8888888888888888,9,8,0.189959544
13139001605,0.0,1,0,0.28553719
13139001606,0.0,2,0,0.23204023
13139001607,0.0,4,0,0.265170002
13139001609,0.0,1,0,0.091230552
13139001611,0.5714285714285714,7,4,0.09077381
13139001612,0.2,5,1,0.065945569
13141480300,0.8809523809523809,42,37,0.380482023
13141480400,0.7209302325581395,86,62,0.607119021
13143010100,0.3269230769230769,52,17,0.430203399
13143010201,0.2,20,4,0.267003267
13143010202,0.34615384615384615,52,18,0.340640809
13143010301,0.6,15,9,0.263184204
13143010303,0.8333333333333334,12,10,0.471794872
13143010304,0.3333333333333333,12,4,0.152049361
13143010401,0.44,25,11,0.362795858
13143010402,0.3,10,3,0.256304177
13145120198,0.4696969696969697,66,31,0.25599017
13145120200,0.88,25,22,0.310263236
13145120301,0.5535714285714286,56,31,0.187798408
13145120302,0.07692307692307693,13,1,0.155582305
13145120401,0.36363636363636365,22,8,0.160594696
13145120403,0.0,2,0,0.084129032
13145120404,0.9310344827586207,29,27,0.263458029
13147960101,0.0,4,0,0.181386515
13147960103,1.0,3,3,0.318100358
13147960200,0.1875,16,3,0.40518732
13147960300,0.0,4,0,0.541902452
13147960402,0.35,20,7,0.338118706
13147960501,0.5909090909090909,22,13,0.352842809
13147960502,0.8333333333333334,6,5,0.273259597
13147960503,0.0,1,0,0.27043688
13149970100,0.2682926829268293,41,11,0.443393997
13149970200,0.1643835616438356,73,12,0.212161445
13149970300,0.208955223880597,67,14,0.276518586
13151070109,0.0,1,0,0.303797468
13151070113,1.0,2,2,0.4328125
13151070114,1.0,7,7,0.374663073
13151070115,1.0,2,2,0.262719704
13151070116,1.0,1,1,0.143644806
13151070119,1.0,2,2,0.35701677
13151070120,1.0,3,3,0.342155735
13151070123,1.0,2,2,0.2219812
13151070124,1.0,1,1,0.15832106
13151070125,0.4,5,2,0.30246085
13151070126,0.0,4,0,0.389098389
13151070206,0.0,4,0,0.216091954
13151070207,0.0,12,0,0.036437247
13151070208,0.0,11,0,0.090500945
13151070211,0.0,1,0,0.209605123
13151070212,1.0,1,1,0.398876404
13151070213,0.0,2,0,0.076736951
13151070214,0.0,3,0,0.070870642
13151070215,0.2222222222222222,18,4,0.0
13151070216,0.2222222222222222,9,2,0.066813049
13151070307,0.0,1,0,0.165793715
13151070314,1.0,1,1,0.123041868
13151070315,0.5,6,3,0.090585774
13151070316,0.5,2,1,0.106547377
13151070405,0.2222222222222222,9,2,0.141963727
13151070406,0.0,1,0,0.453559559
13151070407,1.0,4,4,0.115776699
13151070408,0.0,3,0,0.278773073
13151070409,0.0,5,0,0.264184852
13151070410,0.0,8,0,0.200852783
13151070411,0.0,8,0,0.232485567
13151070412,0.0,7,0,0.196681991
13151070503,1.0,1,1,0.320871073
13151070504,1.0,2,2,0.257549858
13151070507,0.0,1,0,0.266159696
13153020106,0.0,3,0,0.252798507
13153020108,0.0,1,0,0.452255639
13153020200,0.0,4,0,0.400071441
13153020600,0.15625,32,5,0.161554192
13153020900,0.0,5,0,0.255639098
13153021001,0.0,2,0,0.377898654
13153021002,0.0,4,0,0.305106658
13153021114,0.0,17,0,0.07122093
13153021115,0.0,9,0,0.162799741
13153021117,0.0,6,0,0.170433145
13153021118,0.0,9,0,0.32642305
13153021119,0.0,1,0,0.28358209
13153021120,0.0,2,0,0.23481215
13153021121,0.0,3,0,0.248562038
13153021122,0.0,4,0,0.10633694
13153021123,0.0,1,0,0.200912548
13153021203,0.0,2,0,0.088521145
13153021206,0.0,2,0,0.393910101
13153021300,0.4166666666666667,12,5,0.33073197
13153021401,0.0,4,0,0.475065617
13153021402,1.0,2,2,0.119462658
13153021501,0.1724137931034483,29,5,0.198449612
13153021502,0.37142857142857144,35,13,0.185113269
13155950100,0.0,34,0,0.494661922
13155950201,0.0,29,0,0.496308915
13155950202,0.0,29,0,0.357439446
13157010104,0.0,19,0,0.386649408
13157010105,0.0,1,0,0.064525463
13157010106,0.07142857142857142,14,1,0.318633699
13157010107,0.0,16,0,0.097904999
13157010108,0.0,10,0,0.332435345
13157010109,0.0,4,0,0.157362849
13157010200,0.0,39,0,0.400584185
13157010300,0.1,10,1,0.365470852
13157010400,0.0,8,0,0.331535887
13157010500,0.18181818181818182,33,6,0.404907975
13157010601,0.5294117647058824,17,9,0.264683592
13157010602,0.24242424242424243,33,8,0.260719092
13157010701,0.0,8,0,0.327667611
13157010703,0.0,15,0,0.247356203
13157010704,1.0,7,7,0.09207765
13157010705,0.0,2,0,0.172222222
13157010706,0.0,3,0,0.299776286
13159010100,0.9230769230769231,13,12,0.458857348
13159010200,0.6363636363636364,22,14,0.3231836
13159010501,0.6842105263157895,19,13,0.426666667
13159010502,0.3125,16,5,0.555408971
13159010503,0.45454545454545453,99,45,0.245888158
13161960101,0.4444444444444444,18,8,0.650641026
13161960102,0.14285714285714285,14,2,0.51279665
13161960201,0.0,5,0,0.479256808
13161960202,0.0,18,0,0.534653465
13161960300,0.14814814814814814,27,4,0.489386792
13163960100,0.6190476190476191,42,26,0.456474191
13163960200,0.14285714285714285,21,3,0.426919519
13163960300,0.20689655172413793,116,24,0.410756041
13163960400,0.0,38,0,0.47752809
13165960100,0.13157894736842105,76,10,0.665957035
13165960200,0.1076923076923077,65,7,0.483758701
13167960100,0.14814814814814814,54,8,0.415359871
13167960201,0.034482758620689655,29,1,0.535203812
13167960202,0.0,15,0,0.594841483
13167960300,0.058823529411764705,17,1,0.431394072
13169030101,0.25,28,7,0.124789207
13169030103,0.6470588235294118,17,11,0.152063722
13169030105,0.6,5,3,0.343846804
13169030106,1.0,5,5,0.391376451
13169030200,0.4444444444444444,90,40,0.453179191
13169030303,0.4090909090909091,22,9,0.253849538
13169030304,0.9444444444444444,18,17,0.455638696
13169030305,1.0,3,3,0.255952381
13169030306,0.0,2,0,0.278743316
13171970100,0.6730769230769231,52,35,0.281633819
13171970201,0.5384615384615384,39,21,0.239228683
13171970202,0.0,5,0,0.120462046
13171970300,0.8333333333333334,18,15,0.58011745
13173950100,0.10256410256410256,39,4,0.533451484
13173950201,0.35,20,7,0.660321237
13173950202,0.2,15,3,0.452608376
13175950100,0.375,16,6,0.405956533
13175950201,0.75,4,3,0.321688813
13175950202,0.7,40,28,0.279648908
13175950300,0.8571428571428571,7,6,0.448232323
13175950400,1.0,2,2,0.533651298
13175950500,0.0,11,0,0.451785714
13175950600,0.6341463414634146,41,26,0.35657089
13175950700,0.4444444444444444,36,16,0.392998679
13175950800,0.0,30,0,0.625271739
13175951001,0.2222222222222222,36,8,0.437556698
13175951002,0.5,4,2,0.474145121
13175951100,0.0,33,0,0.447420635
13175951400,0.08771929824561403,57,5,0.393663366
13177020101,0.75,4,3,0.328241794
13177020102,0.375,24,9,0.212851406
13177020200,0.18181818181818182,22,4,0.215081967
13177020301,0.0,12,0,0.307235142
13177020302,0.8333333333333334,24,20,0.180526681
13177020403,0.0,1,0,0.056254136
13177020404,0.8333333333333334,6,5,0.264741864
13177020405,0.14285714285714285,7,1,0.200658496
13179010101,0.0,38,0,0.640270401
13179010102,0.15789473684210525,19,3,0.336032389
13179010103,0.0,3,0,0.379852126
13179010206,1.0,1,1,0.252462246
13179010401,0.0,7,0,0.350398657
13179010501,0.9375,64,60,0.280312907
13179010503,0.5,8,4,0.360480641
13179010504,0.0,8,0,0.189473684
13179010600,0.6730769230769231,52,35,0.47439759
13181970100,1.0,9,9,0.452472609
13181970200,0.5555555555555556,9,5,0.352845149
13183970101,0.0,22,0,0.238108965
13183970102,0.0,7,0,0.435427937
13183970201,0.0,33,0,0.4513435
13183970202,0.0,12,0,0.529821074
13183980000,0.0,6,0,0.0
13185010101,0.0,16,0,0.34115973
13185010102,0.0,1,0,0.339986582
13185010103,0.0,4,0,0.228852309
13185010201,0.6666666666666666,33,22,0.082760444
13185010203,0.0,9,0,0.320720721
13185010204,0.0,8,0,0.086266622
13185010301,0.0,2,0,0.311920673
13185010302,0.2,5,1,0.086016949
13185010401,0.0,1,0,0.346610762
13185010700,0.34615384615384615,26,9,0.393947964
13185010900,0.3333333333333333,3,1,0.715680643
13185011200,0.3333333333333333,3,1,0.388634098
13185011301,0.6666666666666666,3,2,0.773822213
13185011401,0.07142857142857142,14,1,0.280289331
13185011404,0.2727272727272727,33,9,0.597106288
13185011405,0.6153846153846154,13,8,0.385316811
13185011500,0.0,8,0,0.350063052
13185011600,0.0,2,0,0.319579703
13187960103,0.0,11,0,0.239903348
13187960104,0.2,20,4,0.406140692
13187960105,0.12121212121212122,33,4,0.474295191
13187960106,0.38095238095238093,42,16,0.222391858
13187960203,0.6166666666666667,60,37,0.313200815
13187960204,0.25,16,4,0.576687117
13187960205,0.6666666666666666,18,12,0.278487753
13187960206,0.6,25,15,0.372067943
13189950100,0.40540540540540543,37,15,0.269261319
13189950200,0.0,2,0,0.430026405
13189950300,0.0,5,0,0.287864823
13189950401,0.8,5,4,0.293658088
13189950402,0.15384615384615385,13,2,0.490944373
13189950500,0.06666666666666667,15,1,0.43503055
13191110101,0.11764705882352941,17,2,0.557142857
13191110102,0.7692307692307693,13,10,0.250343879
13191110103,1.0,47,47,0.123188406
13191110201,0.8863636363636364,44,39,0.582591093
13191110300,0.6285714285714286,35,22,0.435123718
13191990000,1.0,2,2,0.0
13193000100,0.10416666666666667,48,5,0.545646067
13193000200,0.0,48,0,0.708520179
13193000300,0.2807017543859649,57,16,0.731606218
13193000400,0.38596491228070173,57,22,0.424208399
13195020100,0.0,11,0,0.505115778
13195020200,0.75,16,12,0.404835269
13195020300,0.40540540540540543,37,15,0.486278586
13195020400,0.3125,16,5,0.383108743
13195020501,0.0,3,0,0.421206226
13195020502,0.0,9,0,0.354195189
13195020600,0.6666666666666666,18,12,0.416373682
13197920100,0.13636363636363635,22,3,0.405714286
13197920200,0.47058823529411764,17,8,0.43831554
13199970501,0.5319148936170213,47,25,0.408629442
13199970502,0.0,4,0,0.539368581
13199970600,0.4827586206896552,29,14,0.500161447
13199970701,0.2631578947368421,19,5,0.539350181
13199970702,0.7875,80,63,0.409694288
13199970801,0.8,40,32,0.48
13199970802,0.8260869565217391,23,19,0.459189339
13201950200,0.2727272727272727,11,3,0.565668203
13201950300,0.6206896551724138,29,18,0.308855292
13205090100,0.0,8,0,0.395631739
13205090200,0.1,10,1,0.601134846
13205090300,0.0,7,0,0.663704716
13205090402,0.0,9,0,0.472518458
13205090502,0.0,8,0,0.322542902
13207050101,0.11363636363636363,44,5,0.324511463
13207050102,0.31343283582089554,67,21,0.370689655
13207050200,0.27586206896551724,29,8,0.384009691
13207050301,0.38461538461538464,65,25,0.2003771
13207050302,0.6585365853658537,41,27,0.126171729
13209950100,0.47619047619047616,21,10,0.342649525
13209950200,0.84,25,21,0.502215657
13209950300,0.5333333333333333,30,16,0.387033399
13211010100,0.16279069767441862,43,7,0.153100206
13211010200,0.5384615384615384,13,7,0.279802186
13211010301,0.3333333333333333,12,4,0.200594354
13211010302,0.47619047619047616,21,10,0.229471033
13211010400,0.08333333333333333,12,1,0.132772604
13211010500,0.35714285714285715,28,10,0.189255791
13213010100,0.6075949367088608,79,48,0.324588334
13213010201,0.5945945945945946,37,22,0.355853771
13213010203,0.0,16,0,0.204087193
13213010204,0.0,13,0,0.368829728
13213010300,0.6222222222222222,45,28,0.468
13213010401,0.0,1,0,0.492460589
13213010402,0.0,9,0,0.335115132
13213010500,0.0,16,0,0.28263963
13213010600,0.4,15,6,0.326473988
13213010700,0.04,50,2,0.38897926
13215000400,0.3333333333333333,6,2,0.467670202
13215000800,0.0,1,0,0.527229676
13215000900,0.0,2,0,0.357362637
13215001000,0.0,3,0,0.380404195
13215001100,0.0,1,0,0.201161946
13215001200,0.0,2,0,0.294225481
13215001600,0.0,1,0,0.77943761
13215002000,0.0,3,0,0.56
13215002100,0.0,1,0,0.552002811
13215002300,1.0,1,1,0.526675787
13215002400,0.5,2,1,0.681361176
13215002500,0.0,4,0,0.748120301
13215002700,0.2,5,1,0.772806005
13215002800,0.0,2,0,0.627871363
13215002901,0.0,6,0,0.673204904
13215002902,0.0,2,0,0.627702455
13215003200,0.0,1,0,0.8017048
13215010106,0.0,3,0,0.379738454
13215010108,0.0,2,0,0.350777202
13215010110,0.75,4,3,0.039662447
13215010111,0.5,14,7,0.088520444
13215010204,0.0,1,0,0.338619
13215010205,0.0,1,0,0.196325747
13215010206,1.0,3,3,0.179495687
13215010207,1.0,4,4,0.063365506
13215010208,0.0,2,0,0.109177215
13215010209,0.0,1,0,0.173528004
13215010301,1.0,4,4,0.088331009
13215010303,0.75,4,3,0.125835866
13215010304,0.0,2,0,0.219827586
13215010401,0.0,2,0,0.249590611
13215010402,0.0,2,0,0.467253377
13215010501,0.0,6,0,0.401298085
13215010502,0.3333333333333333,3,1,0.433597621
13215010602,0.0,6,0,0.393910379
13215010605,0.3333333333333333,3,1,0.448323381
13215010607,0.0,3,0,0.451262207
13215010608,0.0,3,0,0.445205479
13215010701,0.0,3,0,0.450617284
13215010702,0.0,2,0,0.302912293
13215010704,0.0,1,0,0.507530648
13215010705,0.0,3,0,0.332098765
13215010801,0.0,2,0,0.315456081
13215010802,0.7333333333333333,30,22,0.390763431
13215011100,0.0,2,0,0.482553823
13215011200,0.0,3,0,0.483870968
13215011400,0.0,2,0,0.745416667
13215011500,0.0,10,0,0.702895676
13217100101,0.0,4,0,0.318580461
13217100102,0.0,15,0,0.134594398
13217100202,0.36363636363636365,11,4,0.119134722
13217100203,0.5,20,10,0.218322218
13217100204,0.8461538461538461,13,11,0.219878724
13217100301,1.0,2,2,0.238769606
13217100302,0.8888888888888888,9,8,0.424912928
13217100400,0.0,4,0,0.525423729
13217100503,0.5,2,1,0.408590479
13217100504,0.0,1,0,0.505132361
13217100505,0.0,2,0,0.076014267
13217100506,0.0,5,0,0.35682356
13217100507,1.0,3,3,0.299653216
13217100600,0.0,11,0,0.432202123
13217100701,0.0,5,0,0.507486631
13217100702,0.0,8,0,0.369913276
13217100801,0.46153846153846156,26,12,0.303826385
13217100802,0.0,12,0,0.396389168
13217100902,0.25,4,1,0.39372522
13217100903,0.16666666666666666,6,1,0.360422252
13217100904,0.375,24,9,0.236355698
13217100905,0.14285714285714285,21,3,0.333599362
13219030101,0.0,11,0,0.142551675
13219030102,0.0,4,0,0.082264957
13219030103,0.0,5,0,0.101010101
13219030104,0.0,7,0,0.078914613
13219030201,0.0,11,0,0.250729637
13219030202,0.0,5,0,0.182526882
13219030300,0.18181818181818182,11,2,0.06232619
13219030401,0.0,3,0,0.178838413
13219030402,0.07692307692307693,13,1,0.176875552
13219030500,0.375,32,12,0.144352792
13219030600,0.3939393939393939,33,13,0.075439592
13221960100,0.6444444444444445,45,29,0.190095048
13221960203,0.16666666666666666,6,1,0.389739936
13221960204,1.0,1,1,0.186799502
13221960205,0.6470588235294118,17,11,0.458892617
13221960206,0.7647058823529411,17,13,0.320996441
13221960300,0.2602739726027397,73,19,0.210391276
13223120104,0.8275862068965517,29,24,0.165582496
13223120105,1.0,13,13,0.133744064
13223120107,1.0,3,3,0.138502804
13223120108,1.0,5,5,0.248486886
13223120109,1.0,6,6,0.042462146
13223120110,0.5,10,5,0.084592946
13223120111,0.0,24,0,0.083448086
13223120203,1.0,6,6,0.153505393
13223120205,0.0,2,0,0.110995419
13223120206,0.0,1,0,0.279527559
13223120207,0.0,1,0,0.307692308
13223120208,1.0,1,1,0.156686627
13223120301,0.0,3,0,0.240740741
13223120303,0.4,5,2,0.207681366
13223120304,0.0,3,0,0.499310345
13223120305,0.0,3,0,0.261737419
13223120306,0.0,2,0,0.255231278
13223120307,0.0,3,0,0.354530241
13223120401,1.0,17,17,0.269950009
13223120402,0.0,2,0,0.19807136
13223120403,0.5,14,7,0.270734933
13223120503,0.0,4,0,0.146131155
13223120504,0.0,1,0,0.363102725
13223120506,0.0,3,0,0.177900552
13223120507,0.0,5,0,0.191492911
13223120601,0.0,5,0,0.38246018
13223120603,0.0,3,0,0.156741498
13223120605,0.0,1,0,0.139554225
13223120607,0.0,1,0,0.265748655
13225040101,0.0,9,0,0.063978495
13225040103,0.0,3,0,0.327444682
13225040200,0.3333333333333333,12,4,0.429542023
13225040301,1.0,1,1,0.325855623
13225040302,0.0,6,0,0.573821582
13225040400,1.0,2,2,0.516804408
13227050101,0.0,4,0,0.030351438
13227050102,0.75,12,9,0.15327381
13227050201,1.0,2,2,0.433784714
13227050202,0.6923076923076923,13,9,0.32109375
13227050300,0.4,45,18,0.387381425
13227050400,0.4864864864864865,37,18,0.314314314
13227050500,0.7878787878787878,33,26,0.269426882
13227050601,0.5,14,7,0.263935031
13227050602,0.5,20,10,0.498368298
13229960100,0.08108108108108109,37,3,0.466209598
13229960200,0.0,8,0,0.396640827
13229960301,0.0,6,0,0.389258176
13229960302,0.0,14,0,0.296419098
13229960401,0.21739130434782608,23,5,0.420110932
13229960402,0.15,20,3,0.441277081
13231010101,0.3076923076923077,13,4,0.236137667
13231010102,0.0,3,0,0.194962461
13231010200,0.9166666666666666,24,22,0.184986595
13231010300,0.8076923076923077,52,42,0.261892451
13231010400,0.08333333333333333,12,1,0.216408433
13233010100,0.5454545454545454,22,12,0.378668805
13233010201,0.0,6,0,0.304489936
13233010202,0.6428571428571429,14,9,0.275226391
13233010300,0.2903225806451613,31,9,0.530734036
13233010400,0.6923076923076923,13,9,0.483359014
13233010500,0.0,5,0,0.413039077
13233010600,0.16666666666666666,12,2,0.273675762
13233010700,0.2857142857142857,7,2,0.472167649
13235950100,0.20408163265306123,49,10,0.378451178
13235950201,0.0,3,0,0.62161269
13235950202,0.34615384615384615,26,9,0.222222222
13235950300,0.35555555555555557,45,16,0.314578005
13237960101,0.6153846153846154,26,16,0.431446541
13237960103,0.25,8,2,0.252774353
13237960201,0.7,20,14,0.449603624
13237960203,0.2631578947368421,19,5,0.434444444
13237960204,0.0,12,0,0.161572052
13237960301,0.225,40,9,0.371624192
13239960300,0.41935483870967744,31,13,0.39587156
13241970101,0.5714285714285714,7,4,0.368313805
13241970102,0.5862068965517241,29,17,0.292084727
13241970103,0.375,8,3,0.458005249
13241970201,0.0,23,0,0.330946292
13241970202,0.14736842105263157,95,14,0.343852459
13241970302,0.0,16,0,0.311706629
13241970303,0.0,8,0,0.452887538
13241970304,1.0,13,13,0.164506481
13243790100,0.15384615384615385,26,4,0.594482759
13243790200,0.5714285714285714,42,24,0.640278657
13245000200,1.0,2,2,0.642087107
13245000300,1.0,3,3,0.711063373
13245010101,1.0,4,4,0.333106035
13245010104,1.0,3,3,0.227941176
13245010107,0.0,1,0,0.220102373
13245010201,0.0,2,0,0.065547743
13245010203,0.0,2,0,0.628710338
13245010206,0.0,2,0,0.271868439
13245010208,0.0,2,0,0.219549906
13245010300,0.0,2,0,0.633383981
13245010400,0.0,2,0,0.774852896
13245010507,0.0,2,0,0.473808502
13245010508,0.0,1,0,0.508936971
13245010509,0.0,1,0,0.515576923
13245010510,0.0,5,0,0.598380852
13245010511,0.0,4,0,0.743653766
13245010512,0.0,1,0,0.454420702
13245010513,0.0,1,0,0.680734536
13245010514,0.0,2,0,0.642653126
13245010515,0.0,1,0,0.603793467
13245010601,1.0,5,5,0.740833037
13245010602,0.5454545454545454,33,18,0.7846553
13245010706,0.0,13,0,0.469492492
13245010707,0.0,1,0,0.51820644
13245010708,0.0,2,0,0.404188482
13245010709,0.0,1,0,0.216452442
13245010710,0.0,1,0,0.409219724
13245010711,0.2,5,1,0.405144695
13245010713,0.0,1,0,0.314375987
13245010802,0.5,10,5,0.660493827
13245010903,0.5,18,9,0.397107438
13245010904,0.1111111111111111,9,1,0.37995283
13245010905,0.18,50,9,0.40044843
13245010907,0.0,7,0,0.084391643
13245010908,0.0,9,0,0.344674818
13245011000,1.0,2,2,0.671775223
13247060101,0.0,8,0,0.487636709
13247060103,0.4,5,2,0.34537246
13247060104,0.125,16,2,0.365467151
13247060201,0.2,5,1,0.405093046
13247060203,0.0,2,0,0.431591787
13247060204,0.0,3,0,0.305688828
13247060305,0.0,4,0,0.536869119
13247060306,0.0,2,0,0.209737828
13247060310,1.0,1,1,0.400900901
13247060311,0.0,2,0,0.275502606
13247060313,0.0,3,0,0.191668673
13247060315,0.25,4,1,0.295224313
13247060316,1.0,2,2,0.545418797
13247060317,0.0,2,0,0.393915757
13247060403,0.07142857142857142,14,1,0.286668522
13247060406,0.0,2,0,0.274995638
13247060408,0.05555555555555555,18,1,0.086870681
13247060409,0.2857142857142857,7,2,0.292169448
13247060410,0.0,5,0,0.185116279
13249960100,0.75,24,18,0.329470199
13249960200,0.8125,16,13,0.443462075
13251970200,0.1038961038961039,77,8,0.439167209
13251970300,0.0,1,0,0.419856115
13251970401,0.0,3,0,0.5264
13251970402,0.12,50,6,0.517067004
13251970500,0.0,23,0,0.402190923
13251970600,0.0,48,0,0.285238624
13253200100,0.08333333333333333,12,1,0.441581363
13253200200,0.0,8,0,0.466606225
13253200300,0.2,25,5,0.320575843
13255160101,0.0,3,0,0.426195426
13255160102,1.0,1,1,0.519805982
13255160201,0.047619047619047616,21,1,0.302556466
13255160202,0.7142857142857143,7,5,0.187429601
13255160300,0.5,4,2,0.572575017
13255160402,0.0,2,0,0.820479585
13255160600,0.36363636363636365,33,12,0.337432017
13255160702,1.0,2,2,0.32922128
13255160800,0.0,2,0,0.568160153
13255160900,0.5,2,1,0.647488584
13255161000,0.4444444444444444,18,8,0.419982773
13255161100,0.75,4,3,0.206815511
13255161201,0.0,5,0,0.302060606
13255161202,1.0,1,1,0.314291285
13257970101,1.0,7,7,0.667914639
13257970102,0.23076923076923078,13,3,0.305441478
13257970202,0.0,7,0,0.435825106
13257970301,0.6666666666666666,3,2,0.538207806
13257970302,0.0,2,0,0.389247868
13257970401,0.7647058823529411,17,13,0.254937709
13257970402,0.0,10,0,0.36771995
13259950100,0.0,17,0,0.398122584
13259950400,0.13725490196078433,51,7,0.567023285
13261950100,0.6071428571428571,28,17,0.286468647
13261950200,0.0,6,0,0.547062677
13261950300,0.0,10,0,0.395237216
13261950400,0.375,24,9,0.560337892
13261950500,0.0,13,0,0.373415939
13261950600,0.0,1,0,0.588622473
13261950800,0.15384615384615385,13,2,0.49864743
13263960100,0.7076923076923077,65,46,0.409154601
13263960200,0.9767441860465116,43,42,0.491739553
13263960300,0.0,6,0,0.401814647
13265010200,0.43010752688172044,93,40,0.461397059
13267950100,0.0,36,0,0.390123457
13267950202,0.0,56,0,0.563550773
13267950203,0.0,2,0,0.468152866
13267950204,0.0,8,0,0.239213545
13267950300,0.0,13,0,0.424452454
13267950401,0.0,52,0,0.354921176
13267950402,0.0,21,0,0.418604651
13269950100,0.8214285714285714,56,46,0.331896552
13269950200,0.16666666666666666,42,7,0.466730493
13269950301,0.0,35,0,0.763196843
13269950302,0.0,12,0,0.557528958
13271950101,0.28205128205128205,39,11,0.609649123
13271950102,0.0,1,0,0.501075269
13271950103,0.4444444444444444,18,8,0.424362606
13271950200,0.06666666666666667,45,3,0.330746848
13271950500,0.21238938053097345,113,24,0.625610607
13273120200,0.4444444444444444,36,16,0.348605578
13273120300,0.0,6,0,0.64251497
13273120400,0.13333333333333333,15,2,0.468418822
13273120500,0.6666666666666666,3,2,0.301075269
13275960100,0.4166666666666667,12,5,0.662688942
13275960200,0.3018867924528302,53,16,0.315290934
13275960300,0.0,34,0,0.395626243
13275960400,0.0,24,0,0.341982959
13275960501,0.0,2,0,0.323782235
13275960601,0.0,1,0,0.206349206
13275960602,0.0,1,0,0.390174584
13275960701,0.058823529411764705,17,1,0.439304944
13275960702,0.0,1,0,0.664441478
13275960800,0.0,3,0,0.379698565
13275960900,0.0,2,0,0.255667506
13275961000,0.0,8,0,0.36415498
13275961100,0.0,21,0,0.30879427
13277960100,0.25,20,5,0.316553727
13277960200,0.16666666666666666,18,3,0.365563406
13277960301,0.0,2,0,0.402893115
13277960302,0.0,2,0,0.4082519
13277960401,0.0,4,0,0.321420062
13277960402,0.0,2,0,0.607697083
13277960500,0.391304347826087,23,9,0.46684605
13277960601,0.16666666666666666,6,1,0.391304348
13277960602,0.0,3,0,0.691580369
13277960700,0.0,4,0,0.436273453
13277960800,0.0,11,0,0.489158716
13277960900,0.3888888888888889,18,7,0.357627619
13279970101,0.0,41,0,0.590145577
13279970102,0.0,20,0,0.506792676
13279970201,0.0,24,0,0.35982659
13279970202,0.0,1,0,0.535559265
13279970302,0.0,1,0,0.332788893
13279970400,0.0,2,0,0.523271577
13279970500,0.0,17,0,0.635911602
13279970600,0.0,76,0,0.445136726
13281960100,0.18181818181818182,22,4,0.288206196
13281960200,0.30303030303030304,33,10,0.340719499
13281960301,1.0,1,1,0.455106622
13281960302,0.42857142857142855,28,12,0.383815552
13283960100,0.0,17,0,0.399168399
13283960200,0.2826086956521739,46,13,0.533173809
13285960101,0.36363636363636365,11,4,0.434965455
13285960102,0.5,12,6,0.398531012
13285960202,0.0,4,0,0.237455551
13285960401,0.0,2,0,0.469756244
13285960402,0.3333333333333333,3,1,0.225679758
13285960501,0.0,3,0,0.410876804
13285960503,0.5,10,5,0.458580448
13285960504,0.18181818181818182,11,2,0.32063197
13285960600,0.5714285714285714,14,8,0.539487357
13285960700,0.6428571428571429,14,9,0.45511389
13285960800,0.0,3,0,0.604241877
13285960901,0.0,5,0,0.612433492
13285960904,0.18181818181818182,11,2,0.319625038
13285961000,0.43333333333333335,30,13,0.379946216
13285961100,0.9032258064516129,31,28,0.358917316
13287970201,0.0,11,0,0.643295019
13287970202,0.25,8,2,0.604831752
13287970300,0.2717391304347826,92,25,0.41096264
13289060101,0.0,4,0,0.317732116
13289060102,0.5652173913043478,23,13,0.487948266
13289060200,0.30952380952380953,84,26,0.450875212
13291000101,0.10526315789473684,19,2,0.290662651
13291000103,0.42857142857142855,7,3,0.335501859
13291000104,0.14285714285714285,7,1,0.359573596
13291000201,0.42857142857142855,56,24,0.294414414
13291000203,0.06666666666666667,30,2,0.293111871
13291000204,0.0,16,0,0.443676395
13291000206,0.2,10,2,0.348569826
13291000207,0.05555555555555555,18,1,0.339148936
13293010100,0.5853658536585366,41,24,0.358402303
13293010201,0.8,10,8,0.345219436
13293010202,0.6,20,12,0.314187904
13293010300,0.8705882352941177,85,74,0.262038774
13293010401,0.5333333333333333,15,8,0.261174968
13293010402,0.631578947368421,19,12,0.5371326
13293010500,0.8888888888888888,9,8,0.552564103
13293010600,0.7654320987654321,81,62,0.394402036
13295020101,1.0,2,2,0.450936539
13295020102,0.0,3,0,0.410451547
13295020200,0.0,3,0,0.470623322
13295020301,0.09090909090909091,11,1,0.428429423
13295020302,0.3333333333333333,9,3,0.414883362
13295020400,1.0,10,10,0.219086521
13295020503,0.42857142857142855,7,3,0.23441133
13295020504,0.0,2,0,0.384659581
13295020505,0.0,9,0,0.325446644
13295020506,0.42857142857142855,14,6,0.131727319
13295020601,0.4166666666666667,12,5,0.262888301
13295020602,0.14285714285714285,14,2,0.555410448
13295020701,0.0,1,0,0.602923264
13295020702,0.4,5,2,0.700396825
13295020800,0.546875,64,35,0.379639449
13295020902,0.782608695652174,46,36,0.511466667
13295020903,0.07894736842105263,38,3,0.274881517
13295020904,0.8333333333333334,24,20,0.23190686
13297110101,0.5,16,8,0.171665603
13297110102,0.0,12,0,0.147220047
13297110200,0.24324324324324326,37,9,0.226579926
13297110301,0.0,3,0,0.545742232
13297110400,1.0,4,4,0.589852008
13297110504,0.0,4,0,0.338808694
13297110505,0.5714285714285714,7,4,0.174248748
13297110506,0.0,5,0,0.212466382
13297110508,0.0,2,0,0.269434269
13297110509,0.0,2,0,0.222617354
13297110510,0.0,6,0,0.083308888
13297110601,0.0,10,0,0.218215271
13297110602,0.0,12,0,0.165437479
13297110603,0.0,2,0,0.401406036
13297110701,0.25,4,1,0.195068891
13297110702,0.0,3,0,0.425748885
13297110801,0.09090909090909091,11,1,0.242606647
13297110802,0.0,3,0,0.315084867
13299950100,0.0,33,0,0.287648054
13299950200,0.023255813953488372,43,1,0.41171072
13299950300,0.0,3,0,0.577575997
13299950500,0.0,7,0,0.449988711
13299950600,0.0,5,0,0.252983294
13299950801,0.1864406779661017,59,11,0.444647202
13299950802,0.0,2,0,0.77370351
13299950900,0.2,10,2,0.518388792
13301970400,0.2727272727272727,33,9,0.419878296
13301970500,0.5211267605633803,71,37,0.485122411
13303950100,0.36486486486486486,74,27,0.30236584
13303950300,0.0,25,0,0.562782684
13303950400,0.2857142857142857,7,2,0.421798848
13303950500,0.12903225806451613,62,8,0.44639912
13303950700,0.5675675675675675,37,21,0.544821826
13305970100,0.16393442622950818,61,10,0.420966421
13305970201,0.0,5,0,0.524035922
13305970202,0.3333333333333333,6,2,0.581059811
13305970300,0.3333333333333333,6,2,0.402303052
13305970400,0.020833333333333332,48,1,0.472307692
13305970600,0.0,59,0,0.391292876
13307960100,0.015384615384615385,65,1,0.571806167
13307960200,0.07017543859649122,57,4,0.358024691
13309780100,0.4077669902912621,103,42,0.425393172
13309780200,0.041666666666666664,24,1,0.557957682
13311950101,0.6060606060606061,33,20,0.12724434
13311950102,0.4482758620689655,29,13,0.34936429
13311950202,0.5862068965517241,29,17,0.315789474
13311950204,0.3157894736842105,19,6,0.227615965
13311950205,0.058823529411764705,17,1,0.223356472
13311950206,1.0,3,3,0.396363636
13311950207,0.09090909090909091,22,2,0.444665781
13311950301,0.2,15,3,0.356239561
13311950302,0.2916666666666667,24,7,0.156879433
13313000101,0.42424242424242425,33,14,0.310744653
13313000103,0.4,5,2,0.207862408
13313000104,0.5,16,8,0.233003708
13313000200,0.05555555555555555,18,1,0.300126904
13313000301,0.18181818181818182,11,2,0.489340356
13313000401,0.0,3,0,0.494089502
13313000402,0.0,4,0,0.656670747
13313000501,0.0,4,0,0.356475584
13313000502,0.0,5,0,0.588167221
13313000600,0.16666666666666666,6,1,0.28952336
13313000700,0.14285714285714285,21,3,0.329409151
13313000801,0.2727272727272727,11,3,0.472613459
13313000802,0.6666666666666666,6,4,0.285869094
13313001000,0.0,1,0,0.50196181
13313001100,0.0,22,0,0.525823505
13313001200,0.0,9,0,0.554006457
13313001500,0.045454545454545456,22,1,0.480477046
13315960100,0.0,73,0,0.67851924
13315960200,0.0,7,0,0.383206107
13315960300,0.0625,16,1,0.462416107
13315960400,0.14285714285714285,14,2,0.395951036
13317010101,0.7857142857142857,28,22,0.379133675
13317010102,0.45652173913043476,46,21,0.435586061
13317010301,0.38461538461538464,13,5,0.232727273
13317010302,0.7843137254901961,51,40,0.455801105
13319960200,0.7580645161290323,62,47,0.410377358
13319960300,0.25,4,1,0.494028759
13319960400,0.3269230769230769,52,17,0.458374143
13321950100,0.1388888888888889,36,5,0.352776916
13321950201,0.0,2,0,0.41025641
13321950202,0.0,6,0,0.456008305
13321950400,0.07142857142857142,28,2,0.382291667
13321950500,0.0,9,0,0.397076161
13321950600,0.0,14,0,0.197209302
